2019-03-07T19:09:24Z,Sensor 1,0,,
2019-03-07T19:14:30Z,Sensor 1,0,,
2019-03-07T19:19:35Z,Sensor 1,0,,
2019-03-07T19:24:43Z,Sensor 1,0,,
2019-03-07T19:29:49Z,Sensor 1,0,,
2019-03-07T19:34:56Z,Sensor 1,0,,
2019-03-07T19:40:04Z,Sensor 1,0,,
2019-03-07T19:45:12Z,Sensor 1,0,,
2019-03-07T19:55:30Z,Sensor 1,0,,
2019-03-07T20:00:35Z,Sensor 1,0,,
2019-03-07T20:05:43Z,Sensor 1,0,,
2019-03-07T20:10:49Z,Sensor 1,0,,
2019-03-07T20:15:58Z,Sensor 1,0,,
2019-03-07T20:21:05Z,Sensor 1,0,,
2019-03-07T20:26:12Z,Sensor 1,0,,
2019-03-07T20:31:17Z,Sensor 1,1,,
2019-03-07T20:36:23Z,Sensor 1,0,,
2019-03-07T20:41:30Z,Sensor 1,0,,
2019-03-07T20:46:35Z,Sensor 1,0,,
2019-03-07T20:51:46Z,Sensor 1,0,,
2019-03-07T20:56:53Z,Sensor 1,0,,
2019-03-07T21:02:00Z,Sensor 1,0,,
2019-03-07T21:07:07Z,Sensor 1,0,,
2019-03-07T21:12:19Z,Sensor 1,1,,
2019-03-07T21:17:24Z,Sensor 1,0,,
2019-03-07T21:22:32Z,Sensor 1,0,,
2019-03-07T21:32:49Z,Sensor 1,0,,
2019-03-07T21:37:55Z,Sensor 1,0,,
2019-03-07T21:43:01Z,Sensor 1,0,,
2019-03-07T21:48:07Z,Sensor 1,0,,
2019-03-07T21:53:14Z,Sensor 1,0,,
2019-03-07T21:58:21Z,Sensor 1,0,,
2019-03-07T22:03:27Z,Sensor 1,0,,
2019-03-07T22:08:35Z,Sensor 1,1,,
2019-03-07T22:13:39Z,Sensor 1,1,,
2019-03-07T22:18:45Z,Sensor 1,1,,
2019-03-07T22:23:53Z,Sensor 1,1,,
2019-03-07T22:29:00Z,Sensor 1,1,,
2019-03-07T22:34:07Z,Sensor 1,1,,
2019-03-07T22:44:22Z,Sensor 1,1,,
2019-03-07T22:49:30Z,Sensor 1,1,,
2019-03-07T22:54:38Z,Sensor 1,1,,
2019-03-07T22:59:45Z,Sensor 1,1,,
2019-03-07T23:04:56Z,Sensor 1,1,,
2019-03-07T23:10:01Z,Sensor 1,1,,
2019-03-07T23:15:08Z,Sensor 1,1,,
2019-03-07T23:20:15Z,Sensor 1,1,,
2019-03-07T23:25:23Z,Sensor 1,0,,
2019-03-07T23:30:32Z,Sensor 1,0,,
2019-03-07T23:35:37Z,Sensor 1,0,,
2019-03-07T23:40:43Z,Sensor 1,0,,
2019-03-07T23:45:50Z,Sensor 1,0,,
2019-03-07T23:51:01Z,Sensor 1,0,,
2019-03-07T23:56:09Z,Sensor 1,0,,
2019-03-08T00:06:24Z,Sensor 1,0,,
2019-03-08T00:11:29Z,Sensor 1,0,,
2019-03-08T00:16:34Z,Sensor 1,0,,
2019-03-08T00:21:40Z,Sensor 1,0,,
2019-03-08T00:26:46Z,Sensor 1,0,,
2019-03-08T00:31:53Z,Sensor 1,0,,
2019-03-08T00:42:08Z,Sensor 1,0,,
2019-03-08T00:47:14Z,Sensor 1,0,,
2019-03-08T00:52:23Z,Sensor 1,0,,
2019-03-08T00:57:30Z,Sensor 1,0,,
2019-03-08T01:07:46Z,Sensor 1,0,,
2019-03-08T01:12:53Z,Sensor 1,0,,
2019-03-08T01:17:59Z,Sensor 1,0,,
2019-03-08T01:23:05Z,Sensor 1,0,,
2019-03-08T01:28:11Z,Sensor 1,0,,
2019-03-08T01:33:19Z,Sensor 1,0,,
2019-03-08T01:38:27Z,Sensor 1,0,,
2019-03-08T01:43:35Z,Sensor 1,0,,
2019-03-08T01:48:42Z,Sensor 1,0,,
2019-03-08T01:53:49Z,Sensor 1,0,,
2019-03-08T01:58:56Z,Sensor 1,0,,
2019-03-08T02:04:05Z,Sensor 1,0,,
2019-03-08T15:57:57Z,Sensor 1,0,,
2019-03-08T16:03:04Z,Sensor 1,0,,
2019-03-08T16:13:24Z,Sensor 1,0,,
2019-03-08T16:18:31Z,Sensor 1,0,,
2019-03-08T16:23:41Z,Sensor 1,0,,
2019-03-08T16:28:48Z,Sensor 1,0,,
2019-03-08T16:33:55Z,Sensor 1,0,,
2019-03-08T16:39:05Z,Sensor 1,0,,
2019-03-08T16:44:12Z,Sensor 1,0,,
2019-03-08T16:49:19Z,Sensor 1,0,,
2019-03-08T16:54:25Z,Sensor 1,0,,
2019-03-08T16:59:34Z,Sensor 1,0,,
2019-03-08T17:04:40Z,Sensor 1,0,,
2019-03-08T17:09:48Z,Sensor 1,0,,
2019-03-08T17:14:54Z,Sensor 1,0,,
2019-03-08T17:20:00Z,Sensor 1,0,,
2019-03-08T17:25:08Z,Sensor 1,0,,
2019-03-08T17:30:15Z,Sensor 1,0,,
2019-03-08T17:35:23Z,Sensor 1,0,,
2019-03-08T17:40:31Z,Sensor 1,0,,
2019-03-08T17:45:37Z,Sensor 1,0,,
2019-03-08T17:50:42Z,Sensor 1,0,,
2019-03-08T17:55:48Z,Sensor 1,0,,
2019-03-08T18:00:53Z,Sensor 1,0,,
2019-03-08T18:05:59Z,Sensor 1,0,,
2019-03-08T18:11:04Z,Sensor 1,0,,
2019-03-08T18:16:10Z,Sensor 1,0,,
2019-03-08T18:21:17Z,Sensor 1,0,,
2019-03-08T18:26:23Z,Sensor 1,0,,
2019-03-08T18:31:36Z,Sensor 1,0,,
2019-03-08T18:36:44Z,Sensor 1,0,,
2019-03-08T18:41:51Z,Sensor 1,0,,
2019-03-08T18:46:58Z,Sensor 1,0,,
2019-03-08T18:52:05Z,Sensor 1,0,,
2019-03-08T18:57:13Z,Sensor 1,0,,
2019-03-08T19:02:19Z,Sensor 1,0,,
2019-03-08T19:07:26Z,Sensor 1,0,,
2019-03-08T19:12:35Z,Sensor 1,0,,
2019-03-08T19:17:43Z,Sensor 1,0,,
2019-03-08T19:22:49Z,Sensor 1,0,,
2019-03-08T19:27:55Z,Sensor 1,0,,
2019-03-08T19:33:02Z,Sensor 1,0,,
2019-03-08T19:43:19Z,Sensor 1,0,,
2019-03-08T19:48:25Z,Sensor 1,0,,
2019-03-08T19:53:31Z,Sensor 1,0,,
2019-03-08T19:58:38Z,Sensor 1,0,,
2019-03-08T20:03:45Z,Sensor 1,0,,
2019-03-08T20:08:52Z,Sensor 1,0,,
2019-03-08T20:13:59Z,Sensor 1,0,,
2019-03-08T20:19:09Z,Sensor 1,0,,
2019-03-08T20:24:15Z,Sensor 1,0,,
2019-03-08T20:29:26Z,Sensor 1,0,,
2019-03-08T20:34:32Z,Sensor 1,0,,
2019-03-08T20:39:38Z,Sensor 1,0,,
2019-03-08T20:49:53Z,Sensor 1,0,,
2019-03-08T20:54:59Z,Sensor 1,0,,
2019-03-08T21:00:07Z,Sensor 1,0,,
2019-03-08T21:05:16Z,Sensor 1,0,,
2019-03-08T21:15:30Z,Sensor 1,0,,
2019-03-08T21:20:39Z,Sensor 1,0,,
2019-03-08T21:25:48Z,Sensor 1,0,,
2019-03-08T21:30:59Z,Sensor 1,0,,
2019-03-08T21:36:06Z,Sensor 1,0,,
2019-03-08T21:41:13Z,Sensor 1,0,,
2019-03-08T21:46:19Z,Sensor 1,1,,
2019-03-08T21:51:27Z,Sensor 1,1,,
2019-03-08T21:56:35Z,Sensor 1,1,,
2019-03-08T22:01:40Z,Sensor 1,1,,
2019-03-08T22:06:47Z,Sensor 1,1,,
2019-03-08T22:11:56Z,Sensor 1,1,,
2019-03-08T22:17:02Z,Sensor 1,1,,
2019-03-08T22:22:09Z,Sensor 1,1,,
2019-03-08T22:27:15Z,Sensor 1,1,,
2019-03-08T22:32:22Z,Sensor 1,1,,
2019-03-08T22:37:30Z,Sensor 1,1,,
2019-03-08T22:42:38Z,Sensor 1,1,,
2019-03-08T22:47:45Z,Sensor 1,1,,
2019-03-08T22:52:52Z,Sensor 1,1,,
2019-03-08T22:58:00Z,Sensor 1,1,,
2019-03-08T23:03:08Z,Sensor 1,1,,
2019-03-08T23:08:18Z,Sensor 1,1,,
2019-03-08T23:13:25Z,Sensor 1,1,,
2019-03-08T23:18:31Z,Sensor 1,1,,
2019-03-08T23:23:37Z,Sensor 1,0,,
2019-03-08T23:28:43Z,Sensor 1,0,,
2019-03-08T23:33:48Z,Sensor 1,0,,
2019-03-08T23:38:54Z,Sensor 1,0,,
2019-03-08T23:44:02Z,Sensor 1,0,,
2019-03-08T23:49:07Z,Sensor 1,0,,
2019-03-08T23:54:13Z,Sensor 1,0,,
2019-03-08T23:59:21Z,Sensor 1,0,,
2019-03-09T00:04:28Z,Sensor 1,0,,
2019-03-09T00:09:36Z,Sensor 1,0,,
2019-03-09T00:14:43Z,Sensor 1,0,,
2019-03-09T00:19:49Z,Sensor 1,0,,
2019-03-09T00:24:54Z,Sensor 1,0,,
2019-03-09T00:30:00Z,Sensor 1,0,,
2019-03-09T00:35:06Z,Sensor 1,0,,
2019-03-09T00:40:14Z,Sensor 1,0,,
2019-03-09T00:45:20Z,Sensor 1,0,,
2019-03-09T00:50:32Z,Sensor 1,0,,
2019-03-09T00:55:38Z,Sensor 1,0,,
2019-03-09T01:00:44Z,Sensor 1,0,,
2019-03-09T01:05:50Z,Sensor 1,0,,
2019-03-09T01:10:57Z,Sensor 1,0,,
2019-03-09T01:16:03Z,Sensor 1,0,,
2019-03-09T01:21:09Z,Sensor 1,0,,
2019-03-09T01:26:15Z,Sensor 1,0,,
2019-03-09T01:31:21Z,Sensor 1,0,,
2019-03-09T01:36:28Z,Sensor 1,0,,
2019-03-09T01:41:36Z,Sensor 1,0,,
2019-03-09T01:46:41Z,Sensor 1,0,,
2019-03-09T01:51:51Z,Sensor 1,0,,
2019-03-09T01:56:55Z,Sensor 1,0,,
2019-03-09T02:02:01Z,Sensor 1,0,,
2019-03-11T15:14:45Z,Sensor 1,0,,
2019-03-11T15:19:51Z,Sensor 1,0,,
2019-03-11T15:25:00Z,Sensor 1,0,,
2019-03-11T15:30:07Z,Sensor 1,0,,
2019-03-11T15:35:14Z,Sensor 1,0,,
2019-03-11T15:40:22Z,Sensor 1,1,,
2019-03-11T15:45:31Z,Sensor 1,1,,
2019-03-11T15:50:41Z,Sensor 1,1,,
2019-03-11T15:55:47Z,Sensor 1,1,,
2019-03-11T16:00:52Z,Sensor 1,0,,
2019-03-11T16:06:00Z,Sensor 1,0,,
2019-03-11T16:31:43Z,Sensor 1,1,,
2019-03-11T16:42:00Z,Sensor 1,1,,
2019-03-11T16:47:06Z,Sensor 1,0,,
2019-03-11T16:52:11Z,Sensor 1,0,,
2019-03-11T16:57:17Z,Sensor 1,1,,
2019-03-11T17:02:25Z,Sensor 1,0,,
2019-03-11T17:07:31Z,Sensor 1,1,,
2019-03-11T17:12:42Z,Sensor 1,1,,
2019-03-11T17:17:52Z,Sensor 1,2,,
2019-03-11T17:22:58Z,Sensor 1,1,,
2019-03-11T17:28:06Z,Sensor 1,1,,
2019-03-11T17:33:11Z,Sensor 1,0,,
2019-03-11T17:38:24Z,Sensor 1,0,,
2019-03-11T17:43:30Z,Sensor 1,0,,
2019-03-11T17:48:37Z,Sensor 1,0,,
2019-03-11T17:53:42Z,Sensor 1,1,,
2019-03-11T17:58:49Z,Sensor 1,1,,
2019-03-11T18:03:56Z,Sensor 1,1,,
2019-03-11T18:09:02Z,Sensor 1,1,,
2019-03-11T18:19:18Z,Sensor 1,1,,
2019-03-11T18:24:24Z,Sensor 1,2,,
2019-03-11T18:29:30Z,Sensor 1,3,,
2019-03-11T18:34:36Z,Sensor 1,2,,
2019-03-11T18:39:41Z,Sensor 1,1,,
2019-03-11T18:44:47Z,Sensor 1,1,,
2019-03-11T18:49:54Z,Sensor 1,1,,
2019-03-11T18:55:00Z,Sensor 1,1,,
2019-03-11T19:00:05Z,Sensor 1,0,,
2019-03-11T19:05:13Z,Sensor 1,0,,
2019-03-11T19:10:19Z,Sensor 1,0,,
2019-03-11T19:15:24Z,Sensor 1,0,,
2019-03-11T19:20:32Z,Sensor 1,0,,
2019-03-11T19:25:39Z,Sensor 1,1,,
2019-03-11T19:30:44Z,Sensor 1,1,,
2019-03-11T19:35:51Z,Sensor 1,0,,
2019-03-11T19:40:56Z,Sensor 1,1,,
2019-03-11T19:46:03Z,Sensor 1,1,,
2019-03-11T19:51:09Z,Sensor 1,2,,
2019-03-11T19:56:18Z,Sensor 1,1,,
2019-03-11T20:01:23Z,Sensor 1,0,,
2019-03-11T20:06:31Z,Sensor 1,0,,
2019-03-11T20:11:39Z,Sensor 1,0,,
2019-03-11T20:16:44Z,Sensor 1,0,,
2019-03-11T20:21:53Z,Sensor 1,0,,
2019-03-11T20:27:00Z,Sensor 1,0,,
2019-03-11T20:32:07Z,Sensor 1,1,,
2019-03-11T20:37:15Z,Sensor 1,2,,
2019-03-11T20:42:22Z,Sensor 1,0,,
2019-03-11T20:52:39Z,Sensor 1,2,,
2019-03-11T20:57:45Z,Sensor 1,0,,
2019-03-11T21:02:50Z,Sensor 1,1,,
2019-03-11T21:07:56Z,Sensor 1,2,,
2019-03-11T21:13:01Z,Sensor 1,3,,
2019-03-11T21:18:08Z,Sensor 1,0,,
2019-03-11T21:23:15Z,Sensor 1,1,,
2019-03-11T21:28:21Z,Sensor 1,1,,
2019-03-11T21:33:29Z,Sensor 1,0,,
2019-03-11T21:38:35Z,Sensor 1,0,,
2019-03-11T21:43:40Z,Sensor 1,0,,
2019-03-11T21:48:47Z,Sensor 1,1,,
2019-03-11T21:53:53Z,Sensor 1,1,,
2019-03-11T21:58:59Z,Sensor 1,1,,
2019-03-11T22:04:05Z,Sensor 1,3,,
2019-03-11T22:09:10Z,Sensor 1,0,,
2019-03-11T22:14:18Z,Sensor 1,1,,
2019-03-11T22:19:24Z,Sensor 1,1,,
2019-03-11T22:24:33Z,Sensor 1,1,,
2019-03-11T22:29:40Z,Sensor 1,1,,
2019-03-11T22:34:46Z,Sensor 1,1,,
2019-03-11T22:39:53Z,Sensor 1,0,,
2019-03-11T22:44:57Z,Sensor 1,0,,
2019-03-11T22:50:04Z,Sensor 1,0,,
2019-03-11T22:55:10Z,Sensor 1,0,,
2019-03-11T23:00:18Z,Sensor 1,0,,
2019-03-11T23:05:25Z,Sensor 1,0,,
2019-03-11T23:10:31Z,Sensor 1,0,,
2019-03-11T23:15:38Z,Sensor 1,0,,
2019-03-11T23:20:45Z,Sensor 1,0,,
2019-03-11T23:25:55Z,Sensor 1,0,,
2019-03-11T23:31:02Z,Sensor 1,0,,
2019-03-11T23:36:09Z,Sensor 1,0,,
2019-03-11T23:41:15Z,Sensor 1,0,,
2019-03-11T23:46:21Z,Sensor 1,0,,
2019-03-11T23:51:27Z,Sensor 1,0,,
2019-03-11T23:56:36Z,Sensor 1,0,,
2019-03-12T00:01:41Z,Sensor 1,0,,
2019-03-12T00:06:46Z,Sensor 1,0,,
2019-03-12T00:11:56Z,Sensor 1,0,,
2019-03-12T00:17:02Z,Sensor 1,0,,
2019-03-12T00:22:10Z,Sensor 1,0,,
2019-03-12T00:32:26Z,Sensor 1,0,,
2019-03-12T00:37:33Z,Sensor 1,0,,
2019-03-12T00:42:41Z,Sensor 1,0,,
2019-03-12T00:47:47Z,Sensor 1,0,,
2019-03-12T00:52:52Z,Sensor 1,0,,
2019-03-12T00:57:58Z,Sensor 1,0,,
2019-03-12T01:03:04Z,Sensor 1,0,,
2019-03-12T14:53:18Z,Sensor 1,0,,
2019-03-12T14:58:28Z,Sensor 1,0,,
2019-03-12T15:03:35Z,Sensor 1,0,,
2019-03-12T15:08:42Z,Sensor 1,0,,
2019-03-12T15:13:49Z,Sensor 1,0,,
2019-03-12T15:18:57Z,Sensor 1,0,,
2019-03-12T15:24:03Z,Sensor 1,0,,
2019-03-12T15:29:11Z,Sensor 1,0,,
2019-03-12T15:34:18Z,Sensor 1,0,,
2019-03-12T15:39:24Z,Sensor 1,0,,
2019-03-12T15:44:30Z,Sensor 1,1,,
2019-03-12T15:49:37Z,Sensor 1,1,,
2019-03-12T15:54:45Z,Sensor 1,2,,
2019-03-12T15:59:56Z,Sensor 1,2,,
2019-03-12T16:05:03Z,Sensor 1,1,,
2019-03-12T16:10:09Z,Sensor 1,3,,
2019-03-12T16:15:15Z,Sensor 1,1,,
2019-03-12T16:20:20Z,Sensor 1,1,,
2019-03-12T16:25:27Z,Sensor 1,0,,
2019-03-12T16:30:33Z,Sensor 1,1,,
2019-03-12T16:35:43Z,Sensor 1,1,,
2019-03-12T16:40:50Z,Sensor 1,1,,
2019-03-12T16:46:00Z,Sensor 1,1,,
2019-03-12T16:51:07Z,Sensor 1,0,,
2019-03-12T17:01:28Z,Sensor 1,1,,
2019-03-12T17:06:35Z,Sensor 1,1,,
2019-03-12T17:11:39Z,Sensor 1,1,,
2019-03-12T17:16:45Z,Sensor 1,1,,
2019-03-12T17:21:52Z,Sensor 1,1,,
2019-03-12T17:26:58Z,Sensor 1,1,,
2019-03-12T17:32:04Z,Sensor 1,2,,
2019-03-12T17:37:12Z,Sensor 1,1,,
2019-03-12T17:42:17Z,Sensor 1,1,,
2019-03-12T17:47:24Z,Sensor 1,1,,
2019-03-12T17:52:29Z,Sensor 1,0,,
2019-03-12T17:57:36Z,Sensor 1,2,,
2019-03-12T18:02:44Z,Sensor 1,0,,
2019-03-12T18:07:50Z,Sensor 1,3,,
2019-03-12T18:12:57Z,Sensor 1,1,,
2019-03-12T18:18:05Z,Sensor 1,1,,
2019-03-12T18:23:12Z,Sensor 1,1,,
2019-03-12T18:28:20Z,Sensor 1,1,,
2019-03-12T18:33:28Z,Sensor 1,1,,
2019-03-12T18:38:33Z,Sensor 1,0,,
2019-03-12T18:43:40Z,Sensor 1,0,,
2019-03-12T18:48:47Z,Sensor 1,1,,
2019-03-12T18:53:53Z,Sensor 1,0,,
2019-03-12T18:59:02Z,Sensor 1,0,,
2019-03-12T19:04:07Z,Sensor 1,1,,
2019-03-12T19:09:15Z,Sensor 1,0,,
2019-03-12T19:14:24Z,Sensor 1,0,,
2019-03-12T19:19:34Z,Sensor 1,0,,
2019-03-12T19:24:43Z,Sensor 1,0,,
2019-03-12T19:29:49Z,Sensor 1,2,,
2019-03-12T19:34:55Z,Sensor 1,1,,
2019-03-12T19:40:00Z,Sensor 1,1,,
2019-03-12T19:45:07Z,Sensor 1,3,,
2019-03-12T19:50:14Z,Sensor 1,2,,
2019-03-12T19:55:20Z,Sensor 1,1,,
2019-03-12T20:00:26Z,Sensor 1,2,,
2019-03-12T20:05:33Z,Sensor 1,1,,
2019-03-12T20:10:40Z,Sensor 1,0,,
2019-03-12T20:15:46Z,Sensor 1,1,,
2019-03-12T20:20:53Z,Sensor 1,1,,
2019-03-12T20:26:00Z,Sensor 1,0,,
2019-03-12T20:31:07Z,Sensor 1,0,,
2019-03-12T20:36:14Z,Sensor 1,0,,
2019-03-12T20:41:20Z,Sensor 1,0,,
2019-03-12T20:46:26Z,Sensor 1,0,,
2019-03-12T20:51:34Z,Sensor 1,0,,
2019-03-12T20:56:40Z,Sensor 1,0,,
2019-03-12T21:01:48Z,Sensor 1,0,,
2019-03-12T21:06:54Z,Sensor 1,0,,
2019-03-12T21:11:59Z,Sensor 1,0,,
2019-03-12T21:17:06Z,Sensor 1,1,,
2019-03-12T21:22:12Z,Sensor 1,0,,
2019-03-12T21:27:18Z,Sensor 1,0,,
2019-03-12T21:32:25Z,Sensor 1,0,,
2019-03-12T21:37:30Z,Sensor 1,1,,
2019-03-12T21:42:36Z,Sensor 1,0,,
2019-03-12T21:47:42Z,Sensor 1,1,,
2019-03-12T21:52:50Z,Sensor 1,1,,
2019-03-12T21:57:55Z,Sensor 1,0,,
2019-03-12T22:03:01Z,Sensor 1,0,,
2019-03-12T22:08:07Z,Sensor 1,0,,
2019-03-12T22:13:19Z,Sensor 1,0,,
2019-03-12T22:18:27Z,Sensor 1,0,,
2019-03-12T22:23:33Z,Sensor 1,0,,
2019-03-12T22:28:39Z,Sensor 1,0,,
2019-03-12T22:33:48Z,Sensor 1,0,,
2019-03-12T22:38:57Z,Sensor 1,0,,
2019-03-12T22:49:15Z,Sensor 1,0,,
2019-03-12T22:54:23Z,Sensor 1,0,,
2019-03-12T22:59:29Z,Sensor 1,1,,
2019-03-12T23:04:37Z,Sensor 1,0,,
2019-03-12T23:09:46Z,Sensor 1,0,,
2019-03-12T23:14:54Z,Sensor 1,0,,
2019-03-12T23:20:01Z,Sensor 1,0,,
2019-03-12T23:25:09Z,Sensor 1,0,,
2019-03-12T23:30:16Z,Sensor 1,0,,
2019-03-12T23:35:25Z,Sensor 1,0,,
2019-03-12T23:40:34Z,Sensor 1,0,,
2019-03-12T23:45:42Z,Sensor 1,0,,
2019-03-12T23:50:49Z,Sensor 1,0,,
2019-03-12T23:55:56Z,Sensor 1,0,,
2019-03-13T00:01:02Z,Sensor 1,0,,
2019-03-13T00:06:09Z,Sensor 1,0,,
2019-03-13T00:11:17Z,Sensor 1,0,,
2019-03-13T00:16:23Z,Sensor 1,0,,
2019-03-13T00:21:28Z,Sensor 1,0,,
2019-03-13T00:26:34Z,Sensor 1,0,,
2019-03-13T00:31:40Z,Sensor 1,0,,
2019-03-13T00:36:48Z,Sensor 1,0,,
2019-03-13T00:41:55Z,,0,,
2019-03-13T00:52:11Z,Sensor 1,0,,
2019-03-13T00:57:16Z,Sensor 1,0,,
2019-03-13T01:02:22Z,Sensor 1,0,,
2019-03-13T14:52:31Z,Sensor 1,0,,
2019-03-13T14:57:37Z,Sensor 1,0,,
2019-03-13T15:02:46Z,Sensor 1,0,,
2019-03-13T15:07:53Z,Sensor 1,0,,
2019-03-13T15:12:58Z,Sensor 1,0,,
2019-03-13T15:23:15Z,Sensor 1,0,,
2019-03-13T15:28:22Z,Sensor 1,1,,
2019-03-13T15:33:29Z,Sensor 1,1,,
2019-03-13T15:38:36Z,Sensor 1,0,,
2019-03-13T15:43:43Z,Sensor 1,0,,
2019-03-13T15:48:52Z,Sensor 1,1,,
2019-03-13T15:54:02Z,Sensor 1,0,,
2019-03-13T15:59:08Z,Sensor 1,1,,
2019-03-13T16:04:14Z,Sensor 1,0,,
2019-03-13T16:09:25Z,Sensor 1,0,,
2019-03-13T16:14:30Z,Sensor 1,0,,
2019-03-13T16:19:38Z,Sensor 1,0,,
2019-03-13T16:24:44Z,Sensor 1,0,,
2019-03-13T16:29:50Z,Sensor 1,0,,
2019-03-13T16:34:56Z,Sensor 1,0,,
2019-03-13T16:40:03Z,Sensor 1,0,,
2019-03-13T16:45:10Z,Sensor 1,0,,
2019-03-13T16:50:17Z,Sensor 1,0,,
2019-03-13T16:55:25Z,Sensor 1,0,,
2019-03-13T17:00:30Z,Sensor 1,0,,
2019-03-13T17:05:42Z,Sensor 1,1,,
2019-03-13T17:10:49Z,Sensor 1,1,,
2019-03-13T17:15:57Z,Sensor 1,2,,
2019-03-13T17:21:05Z,Sensor 1,1,,
2019-03-13T17:26:14Z,Sensor 1,1,,
2019-03-13T17:31:21Z,Sensor 1,2,,
2019-03-13T17:36:31Z,Sensor 1,0,,
2019-03-13T17:41:38Z,Sensor 1,1,,
2019-03-13T17:46:47Z,Sensor 1,0,,
2019-03-13T17:51:52Z,Sensor 1,0,,
2019-03-13T17:57:01Z,Sensor 1,0,,
2019-03-13T18:02:07Z,Sensor 1,1,,
2019-03-13T18:07:17Z,Sensor 1,2,,
2019-03-13T18:12:25Z,Sensor 1,2,,
2019-03-13T18:17:30Z,Sensor 1,1,,
2019-03-13T18:22:36Z,Sensor 1,1,,
2019-03-13T18:27:41Z,Sensor 1,3,,
2019-03-13T18:32:47Z,Sensor 1,0,,
2019-03-13T18:37:53Z,Sensor 1,0,,
2019-03-13T18:42:58Z,Sensor 1,0,,
2019-03-13T18:48:05Z,Sensor 1,0,,
2019-03-13T18:53:11Z,Sensor 1,1,,
2019-03-13T18:58:20Z,Sensor 1,2,,
2019-03-13T19:03:27Z,Sensor 1,0,,
2019-03-13T19:08:33Z,Sensor 1,0,,
2019-03-13T19:13:40Z,Sensor 1,0,,
2019-03-13T19:18:46Z,Sensor 1,1,,
2019-03-13T19:23:51Z,Sensor 1,0,,
2019-03-13T19:28:58Z,Sensor 1,0,,
2019-03-13T19:34:08Z,Sensor 1,0,,
2019-03-13T19:39:17Z,Sensor 1,0,,
2019-03-13T19:44:23Z,Sensor 1,0,,
2019-03-13T19:54:40Z,Sensor 1,0,,
2019-03-13T20:04:56Z,Sensor 1,0,,
2019-03-13T20:10:03Z,Sensor 1,2,,
2019-03-13T20:15:09Z,Sensor 1,2,,
2019-03-13T20:20:15Z,Sensor 1,3,,
2019-03-13T20:25:22Z,Sensor 1,2,,
2019-03-13T20:35:39Z,Sensor 1,2,,
2019-03-13T20:40:44Z,Sensor 1,2,,
2019-03-13T20:45:51Z,Sensor 1,3,,
2019-03-13T20:56:07Z,Sensor 1,2,,
2019-03-13T21:01:17Z,Sensor 1,1,,
2019-03-13T21:06:22Z,Sensor 1,0,,
2019-03-13T21:11:27Z,Sensor 1,0,,
2019-03-13T21:16:35Z,Sensor 1,0,,
2019-03-13T21:21:41Z,Sensor 1,0,,
2019-03-13T21:26:46Z,Sensor 1,1,,
2019-03-13T21:31:52Z,Sensor 1,0,,
2019-03-13T21:36:57Z,Sensor 1,1,,
2019-03-13T21:42:04Z,Sensor 1,1,,
2019-03-13T21:47:11Z,Sensor 1,1,,
2019-03-13T21:52:16Z,Sensor 1,1,,
2019-03-13T21:57:46Z,Sensor 1,1,,
2019-03-13T22:03:03Z,Sensor 1,1,,
2019-03-13T22:13:28Z,Sensor 1,1,,
2019-03-13T22:18:40Z,Sensor 1,1,,
2019-03-13T22:24:02Z,Sensor 1,1,,
2019-03-13T22:33:36Z,Sensor 1,1,,
2019-03-13T22:44:12Z,Sensor 1,1,,
2019-03-13T22:49:36Z,Sensor 1,0,,
2019-03-13T22:59:13Z,Sensor 1,0,,
2019-03-13T23:04:27Z,Sensor 1,0,,
2019-03-13T23:09:40Z,Sensor 1,0,,
2019-03-13T23:15:04Z,Sensor 1,0,,
2019-03-13T23:20:13Z,Sensor 1,0,,
2019-03-13T23:25:32Z,Sensor 1,0,,
2019-03-13T23:34:44Z,Sensor 1,0,,
2019-03-13T23:39:53Z,Sensor 1,0,,
2019-03-13T23:45:10Z,Sensor 1,0,,
2019-03-13T23:50:19Z,Sensor 1,0,,
2019-03-13T23:55:39Z,Sensor 1,0,,
2019-03-14T00:01:12Z,Sensor 1,0,,
2019-03-14T00:16:03Z,Sensor 1,0,,
2019-03-14T00:21:29Z,Sensor 1,0,,
2019-03-14T00:31:13Z,Sensor 1,0,,
2019-03-14T00:36:26Z,Sensor 1,0,,
2019-03-14T00:41:46Z,Sensor 1,0,,
2019-03-14T00:46:56Z,Sensor 1,0,,
2019-03-14T00:52:00Z,Sensor 1,0,,
2019-03-14T00:57:22Z,Sensor 1,0,,
2019-03-14T15:04:24Z,Sensor 1,0,,
2019-03-14T15:15:20Z,Sensor 1,0,,
2019-03-14T15:24:41Z,Sensor 1,0,,
2019-03-14T15:34:54Z,Sensor 1,0,,
2019-03-14T15:45:27Z,Sensor 1,0,,
2019-03-14T15:55:07Z,Sensor 1,0,,
2019-03-14T16:05:33Z,Sensor 1,0,,
2019-03-14T16:15:52Z,Sensor 1,0,,
2019-03-14T16:25:21Z,Sensor 1,0,,
2019-03-14T16:35:39Z,Sensor 1,0,,
2019-03-14T16:56:28Z,Sensor 1,1,,
2019-03-14T17:06:00Z,Sensor 1,3,,
2019-03-14T17:16:11Z,Sensor 1,4,,
2019-03-14T17:26:37Z,Sensor 1,3,,
2019-03-14T17:36:17Z,Sensor 1,2,,
2019-03-14T17:46:48Z,Sensor 1,2,,
2019-03-14T17:56:09Z,Sensor 1,3,,
2019-03-14T18:06:49Z,Sensor 1,0,,
2019-03-14T18:16:32Z,Sensor 1,0,,
2019-03-14T18:26:20Z,Sensor 1,0,,
2019-03-14T18:36:48Z,Sensor 1,1,,
2019-03-14T18:47:06Z,Sensor 1,2,,
2019-03-14T18:56:31Z,Sensor 1,0,,
2019-03-14T19:07:09Z,Sensor 1,0,,
2019-03-14T19:16:42Z,Sensor 1,0,,
2019-03-14T19:27:16Z,Sensor 1,0,,
2019-03-14T19:37:54Z,Sensor 1,1,,
2019-03-14T19:47:24Z,Sensor 1,0,,
2019-03-14T19:57:49Z,Sensor 1,0,,
2019-03-14T20:07:30Z,Sensor 1,1,,
2019-03-14T20:18:01Z,Sensor 1,1,,
2019-03-14T20:27:48Z,Sensor 1,0,,
2019-03-14T20:38:25Z,Sensor 1,0,,
2019-03-14T20:47:30Z,Sensor 1,0,,
2019-03-14T20:57:52Z,Sensor 1,0,,
2019-03-14T21:08:08Z,Sensor 1,0,,
2019-03-14T21:18:41Z,Sensor 1,0,,
2019-03-14T21:27:55Z,Sensor 1,2,,
2019-03-14T21:38:05Z,Sensor 1,1,,
2019-03-14T21:48:34Z,Sensor 1,4,,
2019-03-14T21:58:52Z,Sensor 1,0,,
2019-03-14T22:08:26Z,Sensor 1,0,,
2019-03-14T22:19:01Z,Sensor 1,0,,
2019-03-14T22:29:13Z,Sensor 1,0,,
2019-03-14T22:38:44Z,Sensor 1,0,,
2019-03-14T22:49:16Z,Sensor 1,0,,
2019-03-14T22:59:32Z,Sensor 1,0,,
2019-03-14T23:08:57Z,Sensor 1,0,,
2019-03-14T23:19:25Z,Sensor 1,0,,
2019-03-14T23:29:46Z,Sensor 1,1,,
2019-03-14T23:39:14Z,Sensor 1,1,,
2019-03-14T23:49:23Z,Sensor 1,1,,
2019-03-15T00:09:26Z,Sensor 1,1,,
2019-03-15T00:19:34Z,Sensor 1,1,,
2019-03-15T00:29:55Z,Sensor 1,1,,
2019-03-15T00:40:17Z,Sensor 1,1,,
2019-03-15T00:49:42Z,Sensor 1,0,,
2019-03-15T01:00:31Z,Sensor 1,0,,
2019-03-15T01:10:01Z,Sensor 1,0,,
2019-03-15T14:56:34Z,Sensor 1,1,,
2019-03-15T15:06:57Z,Sensor 1,1,,
2019-03-15T15:17:08Z,Sensor 1,1,,
2019-03-15T15:27:33Z,Sensor 1,1,,
2019-03-15T15:36:52Z,Sensor 1,0,,
2019-03-15T15:47:11Z,Sensor 1,1,,
2019-03-15T15:57:44Z,Sensor 1,1,,
2019-03-15T16:08:05Z,Sensor 1,0,,
2019-03-15T16:17:19Z,Sensor 1,2,,
2019-03-15T16:27:51Z,Sensor 1,2,,
2019-03-15T16:38:04Z,Sensor 1,2,,
2019-03-15T16:47:33Z,Sensor 1,1,,
2019-03-15T16:57:54Z,Sensor 1,1,,
2019-03-15T17:08:19Z,Sensor 1,1,,
2019-03-15T17:18:40Z,Sensor 1,1,,
2019-03-15T17:27:55Z,Sensor 1,1,,
2019-03-15T17:38:26Z,Sensor 1,1,,
2019-03-15T17:48:36Z,Sensor 1,1,,
2019-03-15T17:58:03Z,Sensor 1,1,,
2019-03-15T18:09:04Z,Sensor 1,1,,
2019-03-15T18:18:32Z,Sensor 1,1,,
2019-03-15T18:28:47Z,Sensor 1,1,,
2019-03-15T18:49:19Z,Sensor 1,1,,
2019-03-15T18:59:25Z,Sensor 1,0,,
2019-03-15T19:09:42Z,Sensor 1,0,,
2019-03-15T19:19:01Z,Sensor 1,0,,
2019-03-15T19:29:16Z,Sensor 1,0,,
2019-03-15T19:39:28Z,Sensor 1,0,,
2019-03-15T19:49:53Z,Sensor 1,0,,
2019-03-15T19:59:15Z,Sensor 1,0,,
2019-03-15T20:09:39Z,Sensor 1,0,,
2019-03-15T20:20:05Z,Sensor 1,1,,
2019-03-15T20:30:34Z,Sensor 1,2,,
2019-03-15T20:39:54Z,Sensor 1,0,,
2019-03-15T20:50:27Z,Sensor 1,0,,
2019-03-15T20:59:55Z,Sensor 1,0,,
2019-03-15T21:10:17Z,Sensor 1,0,,
2019-03-15T21:20:25Z,Sensor 1,1,,
2019-03-15T21:30:52Z,Sensor 1,1,,
2019-03-15T21:40:24Z,Sensor 1,1,,
2019-03-15T21:50:39Z,Sensor 1,2,,
2019-03-15T22:01:12Z,Sensor 1,0,,
2019-03-15T22:10:34Z,Sensor 1,0,,
2019-03-15T22:20:57Z,Sensor 1,0,,
2019-03-15T22:31:07Z,Sensor 1,0,,
2019-03-15T22:41:39Z,Sensor 1,0,,
2019-03-15T23:01:05Z,Sensor 1,0,,
2019-03-15T23:11:24Z,Sensor 1,0,,
2019-03-15T23:21:41Z,Sensor 1,0,,
2019-03-15T23:31:06Z,Sensor 1,0,,
2019-03-15T23:41:18Z,Sensor 1,0,,
2019-03-16T00:02:08Z,Sensor 1,0,,
2019-03-16T00:11:39Z,Sensor 1,0,,
2019-03-16T00:22:12Z,Sensor 1,0,,
2019-03-16T00:32:29Z,Sensor 1,0,,
2019-03-16T00:41:59Z,Sensor 1,0,,
2019-03-16T01:02:39Z,Sensor 1,0,,
2019-03-18T14:40:00Z,Sensor 1,1,,
2019-03-18T14:49:40Z,Sensor 1,1,,
2019-03-18T14:59:08Z,Sensor 1,0,,
2019-03-18T15:20:19Z,Sensor 1,0,,
2019-03-18T15:29:45Z,Sensor 1,1,,
2019-03-18T15:40:38Z,Sensor 1,1,,
2019-03-18T15:50:12Z,Sensor 1,0,,
2019-03-18T16:00:50Z,Sensor 1,0,,
2019-03-18T16:20:37Z,Sensor 1,2,,
2019-03-18T16:31:29Z,Sensor 1,1,,
2019-03-18T16:40:48Z,Sensor 1,2,,
2019-03-18T16:51:23Z,Sensor 1,2,,
2019-03-18T17:01:41Z,Sensor 1,1,,
2019-03-18T17:22:30Z,Sensor 1,0,,
2019-03-18T17:31:39Z,Sensor 1,0,,
2019-03-18T17:42:12Z,Sensor 1,1,,
2019-03-18T17:52:36Z,Sensor 1,3,,
2019-03-18T18:02:00Z,Sensor 1,2,,
2019-03-18T18:12:39Z,Sensor 1,1,,
2019-03-18T18:23:02Z,Sensor 1,1,,
2019-03-18T18:33:26Z,Sensor 1,1,,
2019-03-18T18:42:43Z,Sensor 1,1,,
2019-03-18T18:53:22Z,Sensor 1,1,,
2019-03-18T19:03:38Z,Sensor 1,2,,
2019-03-18T19:23:26Z,Sensor 1,1,,
2019-03-18T19:33:51Z,Sensor 1,2,,
2019-03-18T19:44:28Z,Sensor 1,2,,
2019-03-18T19:53:48Z,Sensor 1,0,,
2019-03-18T20:04:18Z,Sensor 1,1,,
2019-03-18T20:14:47Z,Sensor 1,0,,
2019-03-18T20:24:07Z,Sensor 1,1,,
2019-03-18T20:34:28Z,Sensor 1,2,,
2019-03-18T20:44:54Z,Sensor 1,0,,
2019-03-18T20:55:22Z,Sensor 1,0,,
2019-03-18T21:04:38Z,Sensor 1,1,,
2019-03-18T21:14:59Z,Sensor 1,0,,
2019-03-18T21:25:29Z,Sensor 1,0,,
2019-03-18T21:35:46Z,Sensor 1,0,,
2019-03-18T21:46:10Z,Sensor 1,1,,
2019-03-18T21:55:32Z,Sensor 1,0,,
2019-03-18T22:06:02Z,Sensor 1,0,,
2019-03-18T22:15:29Z,Sensor 1,0,,
2019-03-18T22:25:59Z,Sensor 1,0,,
2019-03-18T22:36:10Z,Sensor 1,1,,
2019-03-18T22:46:41Z,Sensor 1,0,,
2019-03-18T22:56:11Z,Sensor 1,0,,
2019-03-18T23:06:43Z,Sensor 1,0,,
2019-03-18T23:17:05Z,Sensor 1,0,,
2019-03-18T23:26:37Z,Sensor 1,0,,
2019-03-18T23:37:04Z,Sensor 1,0,,
2019-03-19T00:58:09Z,Sensor 1,0,,
2019-03-19T01:08:46Z,Sensor 1,0,,
2019-03-19T15:01:15Z,Sensor 1,1,,
2019-03-19T15:22:01Z,Sensor 1,1,,
2019-03-19T15:31:49Z,Sensor 1,1,,
2019-03-19T15:42:25Z,Sensor 1,0,,
2019-03-19T15:53:01Z,Sensor 1,0,,
2019-03-19T16:02:39Z,Sensor 1,0,,
2019-03-19T16:13:01Z,Sensor 1,3,,
2019-03-19T16:22:40Z,Sensor 1,3,,
2019-03-19T16:32:32Z,Sensor 1,3,,
2019-03-19T16:53:50Z,Sensor 1,2,,
2019-03-19T17:03:14Z,Sensor 1,0,,
2019-03-19T17:13:41Z,Sensor 1,2,,
2019-03-19T17:24:24Z,Sensor 1,1,,
2019-03-19T17:33:58Z,Sensor 1,0,,
2019-03-19T17:43:46Z,Sensor 1,2,,
2019-03-19T17:54:09Z,Sensor 1,2,,
2019-03-19T18:04:44Z,Sensor 1,1,,
2019-03-19T18:14:43Z,Sensor 1,2,,
2019-03-19T18:24:21Z,Sensor 1,2,,
2019-03-19T18:34:59Z,Sensor 1,0,,
2019-03-19T18:44:44Z,Sensor 1,0,,
2019-03-19T18:55:20Z,Sensor 1,0,,
2019-03-19T19:04:50Z,Sensor 1,0,,
2019-03-19T19:15:31Z,Sensor 1,0,,
2019-03-19T19:25:10Z,Sensor 1,0,,
2019-03-19T19:35:46Z,Sensor 1,0,,
2019-03-19T19:46:09Z,Sensor 1,0,,
2019-03-19T19:55:37Z,Sensor 1,0,,
2019-03-19T20:06:14Z,Sensor 1,0,,
2019-03-19T20:16:35Z,Sensor 1,0,,
2019-03-19T20:26:08Z,Sensor 1,0,,
2019-03-19T20:36:46Z,Sensor 1,0,,
2019-03-19T20:46:16Z,Sensor 1,0,,
2019-03-19T20:57:00Z,Sensor 1,3,,
2019-03-19T21:06:24Z,Sensor 1,0,,
2019-03-19T21:16:53Z,Sensor 1,2,,
2019-03-19T21:27:25Z,Sensor 1,0,,
2019-03-19T21:37:36Z,Sensor 1,0,,
2019-03-19T21:47:26Z,Sensor 1,0,,
2019-03-19T21:57:50Z,Sensor 1,0,,
2019-03-19T22:07:06Z,Sensor 1,1,,
2019-03-19T22:17:41Z,Sensor 1,1,,
2019-03-19T22:28:09Z,Sensor 1,0,,
2019-03-19T22:37:58Z,Sensor 1,0,,
2019-03-19T22:48:23Z,Sensor 1,0,,
2019-03-19T22:57:58Z,Sensor 1,0,,
2019-03-19T23:08:29Z,Sensor 1,1,,
2019-03-19T23:28:33Z,Sensor 1,0,,
2019-03-19T23:39:08Z,Sensor 1,0,,
2019-03-19T23:48:35Z,Sensor 1,0,,
2019-03-20T15:02:35Z,Sensor 1,1,,
2019-03-20T16:35:08Z,Sensor 1,1,,
2019-03-20T16:44:53Z,Sensor 1,1,,
2019-03-20T18:16:23Z,Sensor 1,0,,
2019-03-20T18:26:07Z,Sensor 1,1,,
2019-03-20T18:36:46Z,Sensor 1,1,,
2019-03-20T18:46:34Z,Sensor 1,0,,
2019-03-20T18:57:07Z,Sensor 1,1,,
2019-03-20T20:38:38Z,Sensor 1,0,,
2019-03-20T22:20:07Z,Sensor 1,0,,
2019-03-20T22:29:55Z,Sensor 1,4,,
2019-03-20T22:40:30Z,Sensor 1,3,,
2019-03-20T22:51:08Z,Sensor 1,1,,
2019-03-20T23:00:48Z,Sensor 1,0,,
2019-03-20T23:10:22Z,Sensor 1,0,,
2019-03-20T23:20:58Z,Sensor 1,0,,
2019-03-21T14:56:15Z,Sensor 1,0,,
2019-03-21T15:16:44Z,Sensor 1,0,,
2019-03-21T15:26:16Z,Sensor 1,0,,
2019-03-21T15:36:45Z,Sensor 1,0,,
2019-03-21T15:46:37Z,Sensor 1,0,,
2019-03-21T15:56:11Z,Sensor 1,0,,
2019-03-21T16:06:52Z,Sensor 1,0,,
2019-03-21T16:17:16Z,Sensor 1,0,,
2019-03-21T16:26:48Z,Sensor 1,1,,
2019-03-21T16:37:15Z,Sensor 1,0,,
2019-03-21T16:46:51Z,Sensor 1,1,,
2019-03-21T16:57:15Z,Sensor 1,2,,
2019-03-21T17:07:38Z,Sensor 1,1,,
2019-03-21T18:40:19Z,Sensor 1,3,,
2019-03-21T18:50:00Z,Sensor 1,1,,
2019-03-21T19:00:26Z,Sensor 1,1,,
2019-03-21T19:09:59Z,Sensor 1,1,,
2019-03-21T20:42:34Z,Sensor 1,2,,
2019-03-21T20:52:44Z,Sensor 1,1,,
2019-03-21T21:02:17Z,Sensor 1,2,,
2019-03-21T21:12:55Z,Sensor 1,1,,
2019-03-21T21:22:26Z,Sensor 1,3,,
2019-03-21T22:54:53Z,Sensor 1,0,,
2019-03-22T00:16:01Z,Sensor 1,0,,
2019-03-22T00:25:37Z,Sensor 1,0,,
2019-03-22T00:36:27Z,Sensor 1,0,,
2019-03-22T00:45:41Z,Sensor 1,0,,
2019-03-22T00:56:07Z,Sensor 1,0,,
2019-03-22T01:06:28Z,Sensor 1,0,,
2019-03-22T14:55:48Z,Sensor 1,0,,
2019-03-22T15:05:35Z,Sensor 1,0,,
2019-03-22T16:37:04Z,Sensor 1,2,,
2019-03-22T16:47:29Z,Sensor 1,2,,
2019-03-22T18:18:51Z,Sensor 1,1,,
2019-03-22T18:29:21Z,Sensor 1,1,,
2019-03-22T18:49:29Z,Sensor 1,2,,
2019-03-22T18:58:57Z,Sensor 1,0,,
2019-03-22T19:09:14Z,Sensor 1,0,,
2019-03-22T19:19:53Z,Sensor 1,1,,
2019-03-22T19:29:33Z,Sensor 1,0,,
2019-03-22T19:40:09Z,Sensor 1,0,,
2019-03-22T19:49:30Z,Sensor 1,0,,
2019-03-22T20:00:07Z,Sensor 1,0,,
2019-03-22T20:10:34Z,Sensor 1,0,,
2019-03-22T20:20:15Z,Sensor 1,0,,
2019-03-22T20:30:10Z,Sensor 1,0,,
2019-03-22T20:50:52Z,Sensor 1,0,,
2019-03-22T21:00:27Z,Sensor 1,1,,
2019-03-22T21:11:00Z,Sensor 1,0,,
2019-03-22T21:21:22Z,Sensor 1,1,,
2019-03-22T21:31:48Z,Sensor 1,1,,
2019-03-22T21:41:09Z,Sensor 1,1,,
2019-03-22T21:51:52Z,Sensor 1,0,,
2019-03-22T22:01:18Z,Sensor 1,1,,
2019-03-22T22:11:50Z,Sensor 1,1,,
2019-03-22T22:22:06Z,Sensor 1,0,,
2019-03-22T22:31:34Z,Sensor 1,0,,
2019-03-22T22:42:01Z,Sensor 1,0,,
2019-03-22T23:02:36Z,Sensor 1,0,,
2019-03-22T23:12:07Z,Sensor 1,0,,
2019-03-22T23:22:52Z,Sensor 1,0,,
2019-03-22T23:32:09Z,Sensor 1,0,,
2019-03-22T23:42:36Z,Sensor 1,0,,
2019-03-22T23:53:06Z,Sensor 1,0,,
2019-03-23T00:03:31Z,Sensor 1,0,,
2019-03-23T02:25:45Z,Sensor 1,0,,
2019-03-25T14:41:23Z,Sensor 1,0,,
2019-03-25T14:50:57Z,Sensor 1,0,,
2019-03-25T15:01:49Z,Sensor 1,0,,
2019-03-25T15:21:41Z,Sensor 1,0,,
2019-03-25T15:31:28Z,Sensor 1,0,,
2019-03-25T15:42:16Z,Sensor 1,0,,
2019-03-25T17:33:31Z,Sensor 1,2,,
2019-03-25T17:43:55Z,Sensor 1,1,,
2019-03-25T17:54:35Z,Sensor 1,0,,
2019-03-25T19:35:27Z,Sensor 1,1,,
2019-03-25T21:27:53Z,Sensor 1,1,,
2019-03-25T21:37:19Z,Sensor 1,3,,
2019-03-25T21:58:12Z,Sensor 1,2,,
2019-03-25T22:08:39Z,Sensor 1,1,,
2019-03-25T22:18:01Z,Sensor 1,1,,
2019-03-25T22:28:49Z,Sensor 1,1,,
2019-03-25T22:48:52Z,Sensor 1,2,,
2019-03-25T22:58:30Z,Sensor 1,3,,
2019-03-25T23:09:16Z,Sensor 1,1,,
2019-03-25T23:18:50Z,Sensor 1,1,,
2019-03-25T23:28:48Z,Sensor 1,1,,
2019-03-25T23:39:13Z,Sensor 1,0,,
2019-03-25T23:49:30Z,Sensor 1,0,,
2019-03-26T00:00:11Z,Sensor 1,0,,
2019-03-26T00:09:34Z,Sensor 1,0,,
2019-03-26T00:19:58Z,Sensor 1,0,,
2019-03-26T00:30:29Z,Sensor 1,0,,
2019-03-26T00:40:02Z,Sensor 1,0,,
2019-03-26T00:50:17Z,Sensor 1,0,,
2019-03-26T01:00:58Z,Sensor 1,0,,
2019-03-26T15:11:46Z,Sensor 1,2,,
2019-03-26T16:03:08Z,Sensor 1,0,,
2019-03-26T16:12:25Z,Sensor 1,0,,
2019-03-26T16:22:48Z,Sensor 1,0,,
2019-03-26T16:33:03Z,Sensor 1,0,,
2019-03-26T16:43:27Z,Sensor 1,0,,
2019-03-26T16:53:47Z,Sensor 1,0,,
2019-03-26T17:03:11Z,Sensor 1,0,,
2019-03-26T17:13:31Z,Sensor 1,0,,
2019-03-26T17:23:48Z,Sensor 1,2,,
2019-03-26T17:34:09Z,Sensor 1,0,,
2019-03-26T17:44:29Z,Sensor 1,2,,
2019-03-26T17:53:55Z,Sensor 1,1,,
2019-03-26T18:04:22Z,Sensor 1,1,,
2019-03-26T18:14:47Z,Sensor 1,1,,
2019-03-26T18:25:09Z,Sensor 1,1,,
2019-03-26T18:34:36Z,Sensor 1,1,,
2019-03-26T18:44:47Z,Sensor 1,3,,
2019-03-26T19:05:19Z,Sensor 1,1,,
2019-03-26T19:14:48Z,Sensor 1,0,,
2019-03-26T19:25:03Z,Sensor 1,0,,
2019-03-26T19:35:34Z,Sensor 1,0,,
2019-03-26T19:45:57Z,Sensor 1,0,,
2019-01-10T23:34:15Z,Sensor 2,2,,
2019-01-10T23:54:30Z,Sensor 2,1,,
2019-01-11T00:04:36Z,Sensor 2,1,,
2019-01-11T00:24:52Z,Sensor 2,1,,
2019-01-11T00:34:56Z,Sensor 2,1,,
2019-01-11T00:45:02Z,Sensor 2,1,,
2019-01-11T00:55:10Z,Sensor 2,1,,
2019-01-11T01:05:14Z,Sensor 2,1,,
2019-01-11T01:25:31Z,Sensor 2,1,,
2019-01-11T01:35:36Z,Sensor 2,1,,
2019-01-11T01:45:42Z,Sensor 2,1,,
2019-01-11T01:55:48Z,Sensor 2,1,,
2019-01-11T02:16:04Z,Sensor 2,1,,
2019-01-11T16:11:44Z,Sensor 2,0,,
2019-01-11T16:21:51Z,Sensor 2,0,,
2019-01-11T16:31:57Z,Sensor 2,0,,
2019-01-11T16:42:03Z,Sensor 2,0,,
2019-01-11T16:52:09Z,Sensor 2,0,,
2019-01-11T17:12:25Z,Sensor 2,1,,
2019-01-11T17:22:32Z,Sensor 2,1,,
2019-01-11T17:42:47Z,Sensor 2,0,,
2019-01-11T17:52:53Z,Sensor 2,2,,
2019-01-11T18:13:12Z,Sensor 2,1,,
2019-01-11T18:23:18Z,Sensor 2,1,,
2019-01-11T18:33:24Z,Sensor 2,0,,
2019-01-11T18:43:30Z,Sensor 2,1,,
2019-01-11T18:53:35Z,Sensor 2,1,,
2019-01-11T19:03:40Z,Sensor 2,1,,
2019-01-11T19:13:51Z,Sensor 2,1,,
2019-01-11T19:23:56Z,Sensor 2,1,,
2019-01-11T19:34:02Z,Sensor 2,1,,
2019-01-11T19:44:08Z,Sensor 2,1,,
2019-01-11T19:54:14Z,Sensor 2,1,,
2019-01-11T20:15:10Z,Sensor 2,1,,
2019-01-11T20:35:22Z,Sensor 2,0,,
2019-01-11T20:55:38Z,Sensor 2,2,,
2019-01-11T21:15:53Z,Sensor 2,2,,
2019-01-11T21:36:09Z,Sensor 2,1,,
2019-01-11T21:56:29Z,Sensor 2,2,,
2019-01-11T22:06:35Z,Sensor 2,1,,
2019-01-11T22:16:42Z,Sensor 2,1,,
2019-01-11T22:36:57Z,Sensor 2,0,,
2019-01-11T22:57:13Z,Sensor 2,1,,
2019-01-11T23:07:20Z,Sensor 2,0,,
2019-01-11T23:17:24Z,Sensor 2,0,,
2019-01-11T23:27:30Z,Sensor 2,0,,
2019-01-11T23:47:45Z,Sensor 2,2,,
2019-01-11T23:57:51Z,Sensor 2,2,,
2019-01-12T00:28:16Z,Sensor 2,1,,
2019-01-12T00:48:32Z,Sensor 2,1,,
2019-01-12T00:58:38Z,Sensor 2,2,,
2019-01-12T01:08:42Z,Sensor 2,1,,
2019-01-12T01:18:48Z,Sensor 2,1,,
2019-01-12T01:28:55Z,Sensor 2,0,,
2019-01-12T01:39:01Z,Sensor 2,0,,
2019-01-12T01:49:07Z,Sensor 2,0,,
2019-01-12T01:59:13Z,Sensor 2,0,,
2019-01-12T02:09:21Z,Sensor 2,0,,
2019-01-14T15:40:23Z,Sensor 2,0,,
2019-01-14T15:50:27Z,Sensor 2,0,,
2019-01-14T16:20:51Z,Sensor 2,0,,
2019-01-14T16:30:57Z,Sensor 2,0,,
2019-01-14T16:41:04Z,Sensor 2,0,,
2019-01-14T16:51:10Z,Sensor 2,0,,
2019-01-14T17:01:16Z,Sensor 2,0,,
2019-01-14T17:11:26Z,Sensor 2,0,,
2019-01-14T17:21:31Z,Sensor 2,0,,
2019-01-14T17:31:37Z,Sensor 2,0,,
2019-01-14T17:41:44Z,Sensor 2,1,,
2019-01-14T18:01:59Z,Sensor 2,3,,
2019-01-14T18:12:04Z,Sensor 2,0,,
2019-01-14T18:22:10Z,Sensor 2,1,,
2019-01-14T18:32:16Z,Sensor 2,0,,
2019-01-14T18:42:23Z,Sensor 2,2,,
2019-01-14T18:52:29Z,Sensor 2,0,,
2019-01-14T19:02:39Z,Sensor 2,0,,
2019-01-14T19:12:43Z,Sensor 2,0,,
2019-01-14T19:22:49Z,Sensor 2,1,,
2019-01-14T19:32:55Z,Sensor 2,0,,
2019-01-14T19:42:58Z,Sensor 2,0,,
2019-01-14T19:53:09Z,Sensor 2,1,,
2019-01-14T20:03:15Z,Sensor 2,1,,
2019-01-14T20:13:25Z,Sensor 2,0,,
2019-01-14T20:23:29Z,Sensor 2,2,,
2019-01-14T20:33:39Z,Sensor 2,2,,
2019-01-14T20:43:40Z,Sensor 2,3,,
2019-01-14T20:53:47Z,Sensor 2,1,,
2019-01-14T21:03:53Z,Sensor 2,1,,
2019-01-14T21:24:16Z,Sensor 2,1,,
2019-01-14T21:54:41Z,Sensor 2,2,,
2019-01-14T22:04:46Z,Sensor 2,0,,
2019-01-14T22:14:53Z,Sensor 2,0,,
2019-01-14T22:25:01Z,Sensor 2,1,,
2019-01-14T22:35:09Z,Sensor 2,1,,
2019-01-14T22:45:18Z,Sensor 2,0,,
2019-01-14T22:55:20Z,Sensor 2,0,,
2019-01-14T23:05:31Z,Sensor 2,0,,
2019-01-14T23:15:38Z,Sensor 2,1,,
2019-01-14T23:35:51Z,Sensor 2,1,,
2019-01-14T23:56:07Z,Sensor 2,1,,
2019-01-15T00:06:13Z,Sensor 2,2,,
2019-01-15T00:26:29Z,Sensor 2,0,,
2019-01-15T00:36:35Z,Sensor 2,0,,
2019-01-15T00:46:41Z,Sensor 2,0,,
2019-01-15T00:56:47Z,Sensor 2,0,,
2019-01-15T01:06:53Z,Sensor 2,1,,
2019-01-15T01:27:09Z,Sensor 2,0,,
2019-01-15T01:47:25Z,Sensor 2,0,,
2019-01-15T01:57:32Z,Sensor 2,0,,
2019-01-15T02:07:38Z,Sensor 2,0,,
2019-01-15T15:58:20Z,Sensor 2,1,,
2019-01-15T16:08:26Z,Sensor 2,1,,
2019-01-15T16:28:43Z,Sensor 2,1,,
2019-01-15T16:38:49Z,Sensor 2,1,,
2019-01-15T16:48:54Z,Sensor 2,1,,
2019-01-15T17:30:24Z,Sensor 2,0,,
2019-01-15T17:40:28Z,Sensor 2,1,,
2019-01-15T17:50:35Z,Sensor 2,1,,
2019-01-15T18:00:42Z,Sensor 2,1,,
2019-01-15T18:10:48Z,Sensor 2,2,,
2019-01-15T18:20:51Z,Sensor 2,1,,
2019-01-15T18:31:07Z,Sensor 2,0,,
2019-01-15T18:41:13Z,Sensor 2,2,,
2019-01-15T19:11:33Z,Sensor 2,4,,
2019-01-15T19:31:52Z,Sensor 2,1,,
2019-01-15T19:41:54Z,Sensor 2,0,,
2019-01-15T19:51:58Z,Sensor 2,1,,
2019-01-15T20:02:04Z,Sensor 2,1,,
2019-01-15T20:22:22Z,Sensor 2,2,,
2019-01-15T20:42:37Z,Sensor 2,3,,
2019-01-15T21:02:55Z,Sensor 2,3,,
2019-01-15T21:23:12Z,Sensor 2,3,,
2019-01-15T21:33:14Z,Sensor 2,1,,
2019-01-15T21:43:20Z,Sensor 2,3,,
2019-01-15T22:03:38Z,Sensor 2,1,,
2019-01-15T22:13:43Z,Sensor 2,0,,
2019-01-15T22:33:58Z,Sensor 2,0,,
2019-01-15T22:44:05Z,Sensor 2,0,,
2019-01-15T22:54:11Z,Sensor 2,2,,
2019-01-15T23:14:26Z,Sensor 2,2,,
2019-01-15T23:34:46Z,Sensor 2,1,,
2019-01-15T23:44:51Z,Sensor 2,1,,
2019-01-15T23:55:02Z,Sensor 2,1,,
2019-01-16T00:05:06Z,Sensor 2,2,,
2019-01-16T00:45:38Z,Sensor 2,2,,
2019-01-16T01:05:54Z,Sensor 2,1,,
2019-01-16T01:26:13Z,Sensor 2,1,,
2019-01-16T01:46:30Z,Sensor 2,1,,
2019-01-16T01:56:35Z,Sensor 2,1,,
2019-01-16T02:16:46Z,Sensor 2,1,,
2019-01-16T16:01:55Z,Sensor 2,0,,
2019-01-16T16:11:58Z,Sensor 2,0,,
2019-01-16T16:22:08Z,Sensor 2,0,,
2019-01-16T16:32:11Z,Sensor 2,0,,
2019-01-16T16:42:21Z,Sensor 2,0,,
2019-01-16T16:52:27Z,Sensor 2,1,,
2019-01-16T17:22:50Z,Sensor 2,0,,
2019-01-16T17:32:57Z,Sensor 2,0,,
2019-01-16T17:53:11Z,Sensor 2,0,,
2019-01-16T18:13:27Z,Sensor 2,0,,
2019-01-16T18:23:34Z,Sensor 2,1,,
2019-01-16T18:33:40Z,Sensor 2,0,,
2019-01-16T18:43:46Z,Sensor 2,0,,
2019-01-16T18:53:51Z,Sensor 2,0,,
2019-01-16T19:04:01Z,Sensor 2,2,,
2019-01-16T19:24:13Z,Sensor 2,3,,
2019-01-16T19:44:30Z,Sensor 2,2,,
2019-01-16T20:15:46Z,Sensor 2,3,,
2019-01-16T20:25:50Z,Sensor 2,7,,
2019-01-16T20:36:01Z,Sensor 2,10,,
2019-01-16T20:56:18Z,Sensor 2,4,,
2019-01-16T21:06:21Z,Sensor 2,0,,
2019-01-16T21:16:26Z,Sensor 2,3,,
2019-01-16T21:26:33Z,Sensor 2,1,,
2019-01-16T21:46:49Z,Sensor 2,3,,
2019-01-16T21:56:55Z,Sensor 2,2,,
2019-01-16T22:07:02Z,Sensor 2,2,,
2019-01-16T22:17:08Z,Sensor 2,2,,
2019-01-16T22:27:15Z,Sensor 2,4,,
2019-01-16T22:37:21Z,Sensor 2,3,,
2019-01-16T22:47:27Z,Sensor 2,4,,
2019-01-16T23:07:43Z,Sensor 2,1,,
2019-01-16T23:27:59Z,Sensor 2,1,,
2019-01-16T23:38:05Z,Sensor 2,1,,
2019-01-16T23:48:10Z,Sensor 2,1,,
2019-01-17T00:08:26Z,Sensor 2,2,,
2019-01-17T00:18:32Z,Sensor 2,0,,
2019-01-17T00:28:36Z,Sensor 2,0,,
2019-01-17T00:59:50Z,Sensor 2,0,,
2019-01-17T01:09:58Z,Sensor 2,0,,
2019-01-17T01:30:14Z,Sensor 2,0,,
2019-01-17T01:40:19Z,Sensor 2,0,,
2019-01-17T01:50:27Z,Sensor 2,1,,
2019-01-17T02:00:33Z,Sensor 2,0,,
2019-01-17T16:09:45Z,Sensor 2,0,,
2019-01-17T16:30:01Z,Sensor 2,2,,
2019-01-17T16:40:07Z,Sensor 2,1,,
2019-01-17T16:50:13Z,Sensor 2,1,,
2019-01-17T17:00:17Z,Sensor 2,1,,
2019-01-17T17:10:24Z,Sensor 2,1,,
2019-01-17T17:20:30Z,Sensor 2,1,,
2019-01-17T17:30:40Z,Sensor 2,1,,
2019-01-17T17:50:55Z,Sensor 2,1,,
2019-01-17T18:00:59Z,Sensor 2,2,,
2019-01-17T18:11:06Z,Sensor 2,1,,
2019-01-17T18:21:12Z,Sensor 2,1,,
2019-01-17T18:31:18Z,Sensor 2,0,,
2019-01-17T18:41:23Z,Sensor 2,1,,
2019-01-17T18:51:30Z,Sensor 2,2,,
2019-01-17T19:01:34Z,Sensor 2,1,,
2019-01-17T19:11:41Z,Sensor 2,1,,
2019-01-17T19:32:00Z,Sensor 2,1,,
2019-01-17T19:42:06Z,Sensor 2,3,,
2019-01-17T19:52:12Z,Sensor 2,4,,
2019-01-17T20:02:16Z,Sensor 2,1,,
2019-01-17T20:12:22Z,Sensor 2,1,,
2019-01-17T20:22:30Z,Sensor 2,2,,
2019-01-17T20:32:36Z,Sensor 2,2,,
2019-01-17T20:52:51Z,Sensor 2,2,,
2019-01-17T21:02:55Z,Sensor 2,3,,
2019-01-17T21:13:01Z,Sensor 2,2,,
2019-01-17T21:23:12Z,Sensor 2,2,,
2019-01-17T21:33:18Z,Sensor 2,3,,
2019-01-17T21:43:23Z,Sensor 2,1,,
2019-01-17T21:53:28Z,Sensor 2,3,,
2019-01-17T22:14:28Z,Sensor 2,4,,
2019-01-17T22:24:39Z,Sensor 2,2,,
2019-01-17T22:34:47Z,Sensor 2,2,,
2019-01-17T22:55:02Z,Sensor 2,5,,
2019-01-17T23:15:18Z,Sensor 2,3,,
2019-01-17T23:25:26Z,Sensor 2,2,,
2019-01-17T23:35:33Z,Sensor 2,5,,
2019-01-17T23:45:37Z,Sensor 2,4,,
2019-01-17T23:55:47Z,Sensor 2,3,,
2019-01-18T00:05:53Z,Sensor 2,4,,
2019-01-18T00:46:48Z,Sensor 2,1,,
2019-01-18T01:07:04Z,Sensor 2,0,,
2019-01-18T01:27:28Z,Sensor 2,0,,
2019-01-18T01:37:32Z,Sensor 2,0,,
2019-01-18T01:47:37Z,Sensor 2,0,,
2019-01-18T01:57:44Z,Sensor 2,0,,
2019-01-18T02:17:54Z,Sensor 2,0,,
2019-01-18T16:13:44Z,Sensor 2,2,,
2019-01-18T16:23:50Z,Sensor 2,1,,
2019-01-18T16:33:56Z,Sensor 2,0,,
2019-01-18T16:44:03Z,Sensor 2,0,,
2019-01-18T17:04:16Z,Sensor 2,0,,
2019-01-18T17:14:18Z,Sensor 2,0,,
2019-01-18T17:24:24Z,Sensor 2,0,,
2019-01-18T17:34:30Z,Sensor 2,0,,
2019-01-18T17:54:51Z,Sensor 2,0,,
2019-01-18T18:04:57Z,Sensor 2,0,,
2019-01-18T18:25:12Z,Sensor 2,0,,
2019-01-18T18:45:30Z,Sensor 2,0,,
2019-01-18T18:55:35Z,Sensor 2,0,,
2019-01-18T19:05:42Z,Sensor 2,0,,
2019-01-18T19:15:48Z,Sensor 2,1,,
2019-01-18T19:25:54Z,Sensor 2,0,,
2019-01-18T19:36:00Z,Sensor 2,0,,
2019-01-18T19:46:06Z,Sensor 2,1,,
2019-01-18T19:56:09Z,Sensor 2,0,,
2019-01-18T20:06:17Z,Sensor 2,0,,
2019-01-18T20:16:23Z,Sensor 2,0,,
2019-01-18T20:36:42Z,Sensor 2,0,,
2019-01-18T20:46:47Z,Sensor 2,0,,
2019-01-18T20:56:53Z,Sensor 2,0,,
2019-01-18T21:06:59Z,Sensor 2,0,,
2019-01-18T21:27:18Z,Sensor 2,0,,
2019-01-18T21:37:24Z,Sensor 2,1,,
2019-01-18T21:47:31Z,Sensor 2,1,,
2019-01-18T21:57:35Z,Sensor 2,1,,
2019-01-18T22:07:44Z,Sensor 2,1,,
2019-01-18T22:49:05Z,Sensor 2,1,,
2019-01-18T23:09:20Z,Sensor 2,1,,
2019-01-18T23:19:31Z,Sensor 2,1,,
2019-01-18T23:29:37Z,Sensor 2,1,,
2019-01-18T23:39:40Z,Sensor 2,0,,
,Sensor 2,0,,
2019-01-19T00:10:01Z,Sensor 2,0,,
2019-01-19T00:20:07Z,Sensor 2,0,,
2019-01-19T00:30:10Z,Sensor 2,1,,
2019-01-19T00:40:17Z,Sensor 3,0,,
2019-01-19T00:50:23Z,Sensor 3,18,,
2019-01-19T01:00:29Z,Sensor 2,0,,
2019-01-19T01:20:50Z,Sensor 2,0,,
2019-01-19T01:31:01Z,Sensor 2,0,,
2019-01-19T01:41:13Z,Sensor 2,0,,
2019-01-19T01:51:16Z,Sensor 2,0,,
2019-01-19T02:01:29Z,Sensor 2,0,,
2019-01-21T15:30:33Z,Sensor 2,0,,
2019-01-21T15:50:49Z,Sensor 2,0,,
2019-01-21T16:00:55Z,Sensor 2,0,,
2019-01-21T16:21:11Z,Sensor 2,0,,
2019-01-21T16:31:16Z,Sensor 2,0,,
2019-01-21T16:41:22Z,Sensor 2,0,,
2019-01-21T16:51:28Z,Sensor 2,0,,
2019-01-21T17:01:34Z,Sensor 2,0,,
2019-01-21T17:11:41Z,Sensor 2,0,,
2019-01-21T17:21:47Z,Sensor 2,0,,
2019-01-21T17:31:51Z,Sensor 2,0,,
2019-01-21T17:41:58Z,Sensor 2,0,,
2019-01-21T17:52:04Z,Sensor 2,0,,
2019-01-21T18:02:11Z,Sensor 2,0,,
2019-01-21T18:12:17Z,Sensor 2,0,,
2019-01-21T18:32:33Z,Sensor 2,0,,
2019-01-21T18:42:40Z,Sensor 2,0,,
2019-01-21T18:52:45Z,Sensor 2,0,,
2019-01-21T19:02:52Z,,0,,
2019-01-21T19:23:07Z,Sensor 2,0,,
2019-01-21T19:33:10Z,Sensor 2,0,,
2019-01-21T19:43:17Z,Sensor 2,0,,
2019-01-21T19:53:24Z,Sensor 2,0,,
2019-01-21T20:03:30Z,Sensor 2,0,,
2019-01-21T20:13:36Z,Sensor 2,0,,
2019-01-21T20:23:42Z,Sensor 2,0,,
2019-01-21T20:43:57Z,Sensor 2,0,,
2019-01-21T20:54:03Z,Sensor 2,0,,
2019-01-21T21:04:09Z,Sensor 2,0,,
2019-01-21T21:14:12Z,Sensor 2,0,,
2019-01-21T21:24:18Z,Sensor 2,0,,
2019-01-21T21:34:23Z,Sensor 2,0,,
2019-01-21T21:44:30Z,Sensor 2,0,,
2019-01-21T21:54:37Z,Sensor 2,0,,
2019-01-21T22:14:53Z,Sensor 2,0,,
2019-01-21T22:35:08Z,Sensor 2,0,,
2019-01-21T22:45:15Z,Sensor 2,0,,
2019-01-21T22:55:21Z,Sensor 2,0,,
2019-01-21T23:05:26Z,Sensor 2,0,,
2019-01-21T23:15:32Z,Sensor 2,0,,
2019-01-21T23:25:39Z,Sensor 2,0,,
2019-01-21T23:35:45Z,Sensor 2,0,,
2019-01-21T23:45:52Z,,0,,
2019-01-21T23:56:02Z,Sensor 2,0,,
2019-01-22T00:06:06Z,Sensor 2,0,,
2019-01-22T00:16:11Z,Sensor 2,0,,
2019-01-22T00:26:17Z,Sensor 2,0,,
2019-01-22T00:36:24Z,Sensor 2,0,,
2019-01-22T00:46:28Z,Sensor 2,0,,
2019-01-22T00:56:37Z,Sensor 2,0,,
2019-01-22T01:06:41Z,Sensor 2,0,,
2019-01-22T01:16:47Z,Sensor 2,1,,
2019-01-22T01:26:53Z,Sensor 2,0,,
2019-01-22T01:47:08Z,Sensor 2,0,,
2019-01-22T01:57:15Z,Sensor 2,0,,
2019-01-22T02:07:21Z,Sensor 2,0,,
2019-01-22T16:03:23Z,Sensor 2,1,,
2019-01-22T16:23:39Z,Sensor 2,1,,
2019-01-22T16:33:45Z,,1,,
2019-01-22T17:04:10Z,Sensor 2,2,,
2019-01-22T17:14:16Z,Sensor 2,3,,
2019-01-22T17:24:27Z,Sensor 2,2,,
2019-01-22T17:34:33Z,Sensor 2,3,,
2019-01-22T17:54:49Z,Sensor 2,1,,
2019-01-22T18:04:54Z,Sensor 2,0,,
2019-01-22T18:14:59Z,Sensor 2,2,,
2019-01-22T18:25:06Z,Sensor 2,1,,
2019-01-22T18:35:13Z,Sensor 2,1,,
2019-01-22T18:55:32Z,Sensor 2,0,,
2019-01-22T19:15:50Z,Sensor 2,1,,
2019-01-22T19:36:06Z,Sensor 2,0,,
2019-01-22T19:56:22Z,Sensor 2,0,,
2019-01-22T20:06:27Z,Sensor 2,1,,
2019-01-22T20:16:32Z,Sensor 2,1,,
2019-01-22T20:26:37Z,Sensor 2,3,,
2019-01-22T20:36:44Z,Sensor 2,2,,
2019-01-22T20:57:00Z,Sensor 2,3,,
2019-01-22T21:07:06Z,Sensor 2,1,,
2019-01-22T21:17:10Z,Sensor 2,2,,
2019-01-22T21:27:16Z,Sensor 2,1,,
2019-01-22T21:37:23Z,Sensor 2,2,,
2019-01-22T21:47:29Z,Sensor 2,2,,
2019-01-22T21:57:35Z,Sensor 2,0,,
2019-01-22T22:17:51Z,Sensor 2,1,,
2019-01-22T22:27:57Z,Sensor 2,1,,
2019-01-22T22:38:04Z,Sensor 2,4,,
2019-01-22T22:48:10Z,Sensor 2,3,,
2019-01-22T23:08:25Z,Sensor 2,0,,
2019-01-22T23:18:29Z,Sensor 2,1,,
2019-01-22T23:38:44Z,Sensor 2,1,,
2019-01-22T23:48:50Z,Sensor 2,0,,
2019-01-22T23:58:56Z,Sensor 2,0,,
2019-01-23T00:09:02Z,Sensor 2,0,,
2019-01-23T00:19:06Z,Sensor 2,1,,
2019-01-23T00:29:12Z,Sensor 2,1,,
2019-01-23T00:59:36Z,Sensor 2,0,,
2019-01-23T01:09:43Z,Sensor 2,0,,
2019-01-23T01:29:59Z,Sensor 2,0,,
2019-01-23T01:40:04Z,Sensor 2,0,,
2019-01-23T01:50:10Z,Sensor 4,99999999999999,,
2019-01-23T02:00:17Z,Sensor 2,0,,
2019-01-23T15:57:53Z,Sensor 2,0,,
2019-01-23T16:08:00Z,Sensor 2,0,,
2019-01-23T16:18:08Z,Sensor 2,0,,
2019-01-23T16:28:14Z,Sensor 2,0,,
2019-01-23T16:38:20Z,Sensor 2,0,,
2019-01-23T16:48:25Z,Sensor 2,0,,
2019-01-23T17:08:41Z,Sensor 2,1,,
2019-01-23T17:18:52Z,Sensor 2,0,,
2019-01-23T17:39:08Z,Sensor 2,0,,
2019-01-23T17:49:17Z,Sensor 2,0,,
2019-01-23T17:59:23Z,Sensor 2,0,,
2019-01-23T18:19:39Z,Sensor 2,1,,
2019-01-23T18:29:45Z,Sensor 2,0,,
2019-01-23T18:50:00Z,Sensor 2,2,,
2019-01-23T19:00:11Z,Sensor 2,3,,
2019-01-23T19:10:14Z,Sensor 2,1,,
2019-01-23T19:20:26Z,Sensor 2,2,,
2019-01-23T19:30:30Z,Sensor 2,3,,
2019-01-23T19:50:46Z,Sensor 2,1,,
2019-01-23T20:00:51Z,Sensor 2,0,,
2019-01-23T20:10:58Z,Sensor 2,0,,
2019-01-23T20:21:07Z,Sensor 2,0,,
2019-01-23T20:31:15Z,Sensor 2,0,,
2019-01-23T20:41:20Z,Sensor 2,0,,
2019-01-23T20:51:25Z,Sensor 2,2,,
2019-01-23T21:01:35Z,Sensor 2,0,,
2019-01-23T21:11:41Z,Sensor 2,0,,
2019-01-23T21:21:51Z,Sensor 2,0,,
2019-01-23T21:31:55Z,Sensor 2,1,,
2019-01-23T21:52:08Z,Sensor 2,1,,
2019-01-23T22:02:17Z,Sensor 2,3,,
2019-01-23T22:12:20Z,Sensor 2,0,,
2019-01-23T22:22:24Z,Sensor 2,0,,
2019-01-23T22:42:41Z,Sensor 2,2,,
2019-01-23T22:52:45Z,Sensor 2,0,,
2019-01-23T23:02:53Z,Sensor 2,0,,
2019-01-23T23:23:06Z,Sensor 2,0,,
2019-01-23T23:33:16Z,Sensor 2,0,,
2019-01-23T23:43:18Z,Sensor 2,0,,
2019-01-24T00:03:35Z,Sensor 2,0,,
2019-01-24T00:13:39Z,Sensor 2,0,,
2019-01-24T00:23:43Z,Sensor 2,0,,
2019-01-24T00:33:52Z,Sensor 2,0,,
2019-01-24T00:43:57Z,Sensor 2,0,,
2019-01-24T00:54:03Z,Sensor 2,0,,
2019-01-24T01:04:09Z,Sensor 2,0,,
2019-01-24T01:14:14Z,Sensor 2,0,,
2019-01-24T01:24:19Z,Sensor 2,0,,
2019-01-24T01:34:26Z,Sensor 2,0,,
2019-01-24T01:44:31Z,Sensor 2,0,,
2019-01-24T01:54:37Z,Sensor 2,0,,
2019-01-24T02:04:44Z,Sensor 2,0,,
2019-01-24T15:55:08Z,Sensor 2,0,,
2019-01-24T16:05:52Z,Sensor 2,0,,
2019-01-24T16:15:58Z,Sensor 2,0,,
2019-01-24T16:26:04Z,Sensor 2,1,,
2019-01-24T16:46:19Z,Sensor 2,1,,
2019-01-24T17:06:35Z,Sensor 2,0,,
2019-01-24T17:16:41Z,Sensor 2,0,,
2019-01-24T17:37:02Z,Sensor 2,0,,
2019-01-24T17:47:04Z,Sensor 2,0,,
2019-01-24T17:57:10Z,Sensor 2,2,,
2019-01-24T18:07:17Z,Sensor 2,0,,
2019-01-24T18:17:23Z,Sensor 2,0,,
2019-01-24T18:37:39Z,Sensor 2,2,,
2019-01-24T18:47:45Z,Sensor 2,3,,
2019-01-24T18:57:51Z,Sensor 2,1,,
2019-01-24T19:07:58Z,Sensor 2,1,,
2019-01-24T19:18:03Z,Sensor 2,2,,
2019-01-24T19:28:09Z,Sensor 2,1,,
2019-01-24T19:38:16Z,Sensor 2,0,,
2019-01-24T19:48:24Z,Sensor 2,0,,
2019-01-24T19:58:28Z,Sensor 2,0,,
2019-01-24T20:08:32Z,Sensor 2,0,,
2019-01-24T20:28:47Z,Sensor 2,1,,
2019-01-24T20:38:53Z,Sensor 2,1,,
2019-01-24T20:48:59Z,Sensor 2,1,,
2019-01-24T20:59:05Z,Sensor 2,1,,
2019-01-24T21:19:21Z,Sensor 2,3,,
2019-01-24T21:29:27Z,Sensor 2,4,,
2019-01-24T21:39:33Z,Sensor 2,0,,
2019-01-24T21:49:39Z,Sensor 2,1,,
2019-01-24T21:59:45Z,Sensor 2,1,,
2019-01-24T22:09:50Z,Sensor 2,1,,
2019-01-24T22:19:59Z,Sensor 2,2,,
2019-01-24T22:30:05Z,Sensor 2,2,,
2019-01-24T22:40:12Z,Sensor 2,2,,
2019-01-24T22:50:17Z,Sensor 2,2,,
2019-01-24T23:10:35Z,Sensor 2,1,,
2019-01-24T23:20:59Z,Sensor 2,1,,
2019-01-24T23:41:16Z,Sensor 2,0,,
2019-01-24T23:51:22Z,Sensor 2,1,,
2019-01-25T00:01:28Z,Sensor 2,0,,
2019-01-25T00:21:47Z,Sensor 2,2,,
2019-01-25T00:31:53Z,Sensor 2,1,,
2019-01-25T00:52:09Z,Sensor 2,2,,
2019-01-25T01:02:15Z,Sensor 2,1,,
2019-01-25T01:22:31Z,Sensor 2,1,,
2019-01-25T01:32:37Z,Sensor 2,2,,
2019-01-25T01:42:43Z,Sensor 2,1,,
2019-01-25T01:52:49Z,Sensor 2,1,,
2019-01-25T02:13:05Z,Sensor 2,2,,
2019-01-25T16:20:26Z,Sensor 2,0,,
2019-01-25T16:30:32Z,Sensor 2,0,,
2019-01-25T16:40:42Z,Sensor 2,0,,
2019-01-25T17:00:55Z,Sensor 2,0,,
2019-01-25T17:11:01Z,Sensor 2,0,,
2019-01-25T17:21:04Z,Sensor 2,0,,
2019-01-25T17:31:10Z,Sensor 2,0,,
2019-01-25T17:41:16Z,Sensor 2,0,,
2019-01-25T17:51:22Z,Sensor 2,1,,
2019-01-25T18:01:28Z,Sensor 2,0,,
2019-01-25T18:11:35Z,Sensor 2,0,,
2019-01-25T18:31:50Z,Sensor 2,1,,
2019-01-25T18:52:06Z,Sensor 2,1,,
2019-01-25T19:02:13Z,Sensor 2,1,,
2019-01-25T19:12:20Z,Sensor 2,2,,
2019-01-25T19:32:37Z,Sensor 2,1,,
2019-01-25T19:42:42Z,Sensor 2,0,,
2019-01-25T20:02:58Z,Sensor 2,0,,
2019-01-25T20:13:04Z,Sensor 2,0,,
2019-01-25T20:23:10Z,Sensor 2,0,,
2019-01-25T20:33:16Z,Sensor 2,1,,
2019-01-25T20:43:22Z,Sensor 2,1,,
2019-01-25T20:53:28Z,Sensor 2,3,,
2019-01-25T21:03:37Z,Sensor 2,2,,
2019-01-25T21:13:41Z,Sensor 2,4,,
2019-01-25T21:23:47Z,Sensor 2,1,,
2019-01-25T21:33:54Z,Sensor 2,2,,
2019-01-25T21:44:00Z,Sensor 2,2,,
2019-01-25T21:54:03Z,Sensor 2,4,,
2019-01-25T22:04:12Z,Sensor 2,1,,
2019-01-25T22:24:27Z,Sensor 2,0,,
2019-01-25T22:34:27Z,Sensor 2,0,,
2019-01-25T22:44:34Z,Sensor 2,0,,
2019-01-25T22:54:40Z,Sensor 2,0,,
2019-01-25T23:04:51Z,Sensor 2,0,,
2019-01-25T23:25:03Z,Sensor 2,1,,
2019-01-25T23:35:07Z,Sensor 2,1,,
2019-01-25T23:45:13Z,Sensor 2,1,,
2019-01-25T23:55:21Z,Sensor 2,1,,
2019-01-26T00:15:42Z,Sensor 2,0,,
2019-01-26T00:25:44Z,Sensor 2,1,,
2019-01-26T00:46:01Z,Sensor 2,1,,
2019-01-26T00:56:06Z,Sensor 2,1,,
2019-01-26T01:06:17Z,Sensor 2,1,,
2019-01-26T01:16:19Z,Sensor 2,1,,
2019-01-26T01:26:31Z,Sensor 2,1,,
2019-01-26T01:36:36Z,Sensor 2,3,,
2019-01-26T01:56:51Z,Sensor 2,1,,
2019-01-26T02:06:56Z,Sensor 2,1,,
2019-01-28T15:29:53Z,Sensor 2,0,,
2019-01-28T16:00:15Z,Sensor 2,1,,
2019-01-28T16:10:20Z,Sensor 2,0,,
2019-01-28T16:20:25Z,Sensor 2,0,,
2019-01-28T16:30:36Z,Sensor 2,0,,
2019-01-28T16:50:55Z,Sensor 2,0,,
2019-01-28T17:01:02Z,Sensor 2,0,,
,Sensor 2,1,,
,Sensor 2,1,,
,Sensor 2,0,,
,Sensor 2,2,,
,Sensor 2,3,,
,Sensor 2,2,,
,Sensor 2,1,,
2019-01-28T18:42:11Z,Sensor 2,0,,
2019-01-28T18:52:18Z,Sensor 2,0,,
2019-01-28T19:02:24Z,Sensor 2,0,,
2019-01-28T19:12:30Z,Sensor 2,0,,
2019-01-28T19:22:36Z,Sensor 2,0,,
2019-01-28T19:32:43Z,Sensor 2,0,,
2019-01-28T19:42:49Z,Sensor 2,0,,
2019-01-28T19:52:54Z,Sensor 2,1,,
2019-01-28T20:03:00Z,Sensor 2,0,,
2019-01-28T20:13:06Z,Sensor 2,0,,
2019-01-28T20:33:21Z,Sensor 2,2,,
2019-01-28T20:53:37Z,Sensor 2,1,,
2019-01-28T21:03:42Z,Sensor 2,1,,
2019-01-28T21:13:49Z,Sensor 2,2,,
2019-01-28T21:23:55Z,Sensor 2,1,,
2019-01-28T21:33:59Z,Sensor 2,1,,
2019-01-28T21:44:05Z,Sensor 2,1,,
2019-01-28T21:54:15Z,Sensor 2,1,,
2019-01-28T22:04:17Z,Sensor 2,0,,
2019-01-28T22:14:22Z,Sensor 2,1,,
2019-01-28T22:24:28Z,Sensor 2,1,,
2019-01-28T22:44:43Z,Sensor 2,3,,
2019-01-28T22:54:49Z,Sensor 2,0,,
2019-01-28T23:15:05Z,Sensor 2,2,,
2019-01-28T23:35:21Z,Sensor 2,2,,
2019-01-28T23:45:28Z,Sensor 2,1,,
2019-01-28T23:55:39Z,Sensor 2,1,,
2019-01-29T00:05:46Z,Sensor 2,1,,
2019-01-29T00:15:59Z,Sensor 2,1,,
2019-01-29T00:25:53Z,Sensor 2,0,,
2019-01-29T00:46:09Z,Sensor 2,0,,
2019-01-29T00:56:14Z,Sensor 2,1,,
,Sensor 2,0,,
2019-01-29T01:16:27Z,Sensor 2,0,,
2019-01-29T01:26:33Z,Sensor 2,0,,
2019-01-29T01:36:38Z,Sensor 2,0,,
2019-01-29T01:46:45Z,Sensor 2,0,,
2019-01-29T01:56:51Z,Sensor 2,0,,
2019-01-29T02:17:06Z,Sensor 2,0,,
2019-01-29T15:59:47Z,Sensor 2,0,,
2019-01-29T16:09:52Z,Sensor 2,0,,
2019-01-29T16:19:59Z,Sensor 2,1,,
2019-01-29T16:30:05Z,Sensor 2,3,,
2019-01-29T16:40:11Z,Sensor 2,3,,
2019-01-29T16:50:17Z,Sensor 2,1,,
2019-01-29T17:10:33Z,Sensor 2,1,,
2019-01-29T17:20:40Z,Sensor 2,2,,
2019-01-29T17:40:55Z,Sensor 2,2,,
2019-01-29T17:51:03Z,Sensor 2,1,,
2019-01-29T18:11:22Z,Sensor 2,2,,
2019-01-29T18:21:28Z,Sensor 2,1,,
2019-01-29T18:31:32Z,Sensor 2,2,,
2019-01-29T18:41:38Z,Sensor 2,1,,
2019-01-29T19:01:54Z,Sensor 2,0,,
2019-01-29T19:22:12Z,Sensor 2,0,,
2019-01-29T19:32:16Z,Sensor 2,0,,
2019-01-29T19:42:22Z,Sensor 2,0,,
2019-01-29T19:52:28Z,Sensor 2,0,,
2019-01-29T20:02:34Z,Sensor 2,0,,
2019-01-29T20:22:50Z,Sensor 2,0,,
2019-01-29T20:32:55Z,Sensor 2,1,,
2019-01-29T20:53:11Z,Sensor 2,0,,
2019-01-29T21:03:17Z,Sensor 2,1,,
2019-01-29T21:13:23Z,Sensor 2,2,,
2019-01-29T21:23:27Z,Sensor 2,1,,
2019-01-29T21:33:35Z,Sensor 2,3,,
2019-01-29T21:43:42Z,Sensor 2,2,,
2019-01-29T21:53:49Z,Sensor 2,3,,
2019-01-29T22:14:01Z,Sensor 2,2,,
2019-01-29T22:24:05Z,Sensor 2,1,,
2019-01-29T22:34:11Z,Sensor 2,2,,
2019-01-29T22:54:33Z,Sensor 2,2,,
2019-01-29T23:14:44Z,Sensor 2,3,,
2019-01-29T23:24:50Z,Sensor 2,4,,
2019-01-29T23:34:55Z,Sensor 2,3,,
2019-01-29T23:45:01Z,Sensor 2,3,,
2019-01-30T00:05:19Z,Sensor 2,2,,
2019-01-30T00:15:25Z,Sensor 2,2,,
2019-01-30T00:35:42Z,Sensor 2,4,,
2019-01-30T00:55:55Z,Sensor 2,1,,
2019-01-30T01:06:01Z,Sensor 2,1,,
2019-01-30T01:26:17Z,Sensor 2,1,,
2019-01-30T01:36:24Z,Sensor 2,0,,
2019-01-30T01:46:30Z,Sensor 2,0,,
2019-01-30T01:56:40Z,Sensor 2,0,,
2019-01-30T02:06:46Z,Sensor 2,0,,
2019-01-30T15:57:27Z,Sensor 2,1,,
2019-01-30T16:07:35Z,Sensor 2,2,,
2019-01-30T16:17:40Z,Sensor 2,1,,
2019-01-30T16:27:45Z,Sensor 2,0,,
2019-01-30T16:48:03Z,Sensor 2,1,,
2019-01-30T16:58:07Z,Sensor 2,1,,
2019-01-30T17:08:14Z,Sensor 2,1,,
2019-01-30T17:18:20Z,Sensor 2,1,,
2019-01-30T17:28:26Z,Sensor 2,1,,
2019-01-30T17:38:32Z,Sensor 2,1,,
2019-01-30T17:48:39Z,Sensor 2,1,,
2019-01-30T17:58:42Z,Sensor 2,1,,
2019-01-30T18:08:49Z,Sensor 2,1,,
2019-01-30T18:18:54Z,Sensor 2,1,,
2019-01-30T18:29:00Z,Sensor 2,1,,
2019-01-30T18:39:06Z,Sensor 2,1,,
2019-01-30T18:49:12Z,Sensor 2,1,,
2019-01-30T18:59:16Z,Sensor 2,1,,
2019-01-30T19:29:40Z,Sensor 2,3,,
2019-01-30T19:39:46Z,Sensor 2,0,,
2019-01-30T19:49:52Z,Sensor 2,2,,
2019-01-30T19:59:56Z,Sensor 2,2,,
2019-01-30T20:20:12Z,Sensor 2,2,,
2019-01-30T20:40:28Z,Sensor 2,1,,
2019-01-30T20:50:34Z,Sensor 2,1,,
2019-01-30T21:00:38Z,Sensor 2,1,,
2019-01-30T21:10:45Z,Sensor 2,1,,
2019-01-30T21:20:53Z,Sensor 2,2,,
2019-01-30T21:30:59Z,Sensor 2,2,,
2019-01-30T21:51:14Z,Sensor 2,2,,
2019-01-30T22:01:19Z,Sensor 2,1,,
2019-01-30T22:11:25Z,Sensor 2,0,,
2019-01-30T22:21:35Z,Sensor 2,0,,
2019-01-30T22:31:38Z,Sensor 2,0,,
2019-01-30T22:41:44Z,Sensor 2,0,,
2019-01-30T22:51:49Z,Sensor 2,1,,
2019-01-30T23:12:06Z,Sensor 2,1,,
2019-01-30T23:22:12Z,Sensor 2,0,,
2019-01-30T23:32:18Z,Sensor 2,0,,
2019-01-31T00:03:32Z,Sensor 2,0,,
2019-01-31T00:13:32Z,Sensor 2,0,,
2019-01-31T00:23:41Z,Sensor 2,0,,
2019-01-31T00:33:48Z,Sensor 2,0,,
2019-01-31T00:44:06Z,Sensor 2,0,,
2019-01-31T00:54:06Z,Sensor 2,0,,
2019-01-31T01:04:16Z,Sensor 2,0,,
2019-01-31T01:14:15Z,Sensor 2,0,,
2019-01-31T01:24:23Z,Sensor 2,0,,
2019-01-31T01:34:32Z,Sensor 2,0,,
2019-01-31T01:54:50Z,Sensor 2,0,,
2019-01-31T02:04:58Z,Sensor 2,0,,
2019-01-31T16:00:56Z,Sensor 2,0,,
2019-01-31T16:11:03Z,Sensor 2,0,,
2019-01-31T16:21:08Z,Sensor 2,2,,
2019-01-31T16:31:15Z,Sensor 2,0,,
2019-01-31T16:41:20Z,Sensor 2,1,,
2019-01-31T16:51:26Z,Sensor 2,3,,
2019-01-31T17:01:33Z,Sensor 2,1,,
2019-01-31T17:21:47Z,Sensor 2,1,,
2019-01-31T17:31:53Z,Sensor 2,2,,
2019-01-31T17:41:59Z,Sensor 2,1,,
2019-01-31T17:52:05Z,Sensor 2,5,,
2019-01-31T18:02:12Z,Sensor 2,2,,
2019-01-31T18:12:18Z,Sensor 2,1,,
2019-01-31T18:32:34Z,Sensor 2,0,,
2019-01-31T18:42:40Z,Sensor 2,2,,
2019-01-31T18:52:46Z,Sensor 2,3,,
2019-01-31T19:02:53Z,Sensor 2,3,,
2019-01-31T19:12:59Z,Sensor 2,3,,
2019-01-31T19:23:04Z,Sensor 2,3,,
2019-01-31T19:43:20Z,Sensor 2,1,,
2019-01-31T19:53:26Z,Sensor 2,3,,
2019-01-31T20:13:42Z,Sensor 2,3,,
2019-01-31T20:23:48Z,Sensor 2,1,,
2019-01-31T20:33:53Z,Sensor 2,1,,
2019-01-31T20:44:00Z,Sensor 2,2,,
2019-01-31T20:54:06Z,Sensor 2,1,,
2019-01-31T21:04:13Z,Sensor 2,0,,
2019-01-31T21:14:17Z,Sensor 2,2,,
2019-01-31T21:34:33Z,Sensor 2,1,,
2019-01-31T21:44:39Z,Sensor 2,2,,
2019-01-31T21:54:44Z,Sensor 2,2,,
2019-01-31T22:04:51Z,Sensor 2,3,,
2019-01-31T22:14:55Z,Sensor 2,1,,
2019-01-31T22:25:02Z,Sensor 2,1,,
2019-01-31T22:35:07Z,Sensor 2,1,,
2019-01-31T22:45:15Z,Sensor 2,2,,
2019-01-31T22:55:21Z,Sensor 2,2,,
2019-01-31T23:15:36Z,Sensor 2,3,,
2019-01-31T23:25:43Z,Sensor 2,4,,
2019-01-31T23:35:49Z,Sensor 2,3,,
2019-01-31T23:56:05Z,Sensor 2,2,,
2019-02-01T00:06:11Z,Sensor 2,4,,
2019-02-01T00:16:18Z,Sensor 2,5,,
2019-02-01T00:26:25Z,Sensor 2,2,,
2019-02-01T00:36:30Z,Sensor 2,1,,
2019-02-01T00:46:36Z,Sensor 2,1,,
2019-02-01T00:56:41Z,Sensor 2,1,,
2019-02-01T01:16:57Z,Sensor 2,1,,
2019-02-01T01:37:14Z,Sensor 2,0,,
2019-02-01T01:47:22Z,Sensor 2,0,,
2019-02-01T02:07:35Z,Sensor 2,0,,
2019-02-01T15:56:07Z,Sensor 2,0,,
2019-02-01T16:16:23Z,Sensor 2,3,,
2019-02-01T16:26:29Z,Sensor 2,2,,
2019-02-01T16:36:35Z,Sensor 2,3,,
2019-02-01T16:46:42Z,Sensor 2,3,,
2019-02-01T16:56:46Z,Sensor 2,2,,
2019-02-01T17:06:52Z,Sensor 2,2,,
2019-02-01T17:16:59Z,Sensor 2,4,,
2019-02-01T17:27:03Z,Sensor 2,2,,
2019-02-01T17:37:09Z,Sensor 2,1,,
2019-02-01T18:07:35Z,Sensor 2,1,,
2019-02-01T18:17:41Z,Sensor 2,0,,
2019-02-01T18:38:43Z,Sensor 2,2,,
2019-02-01T18:58:59Z,Sensor 2,1,,
2019-02-01T19:19:14Z,Sensor 2,3,,
2019-02-01T19:29:19Z,Sensor 2,2,,
2019-02-01T19:39:26Z,Sensor 2,2,,
2019-02-01T19:49:33Z,Sensor 2,2,,
2019-02-01T19:59:42Z,Sensor 2,2,,
2019-02-01T20:09:49Z,Sensor 2,0,,
2019-02-01T20:19:52Z,Sensor 2,0,,
2019-02-01T20:29:59Z,Sensor 2,2,,
2019-02-01T20:40:04Z,Sensor 2,1,,
2019-02-01T21:20:36Z,Sensor 2,3,,
2019-02-01T21:40:52Z,Sensor 2,1,,
2019-02-01T22:01:07Z,Sensor 2,2,,
2019-02-01T22:11:13Z,Sensor 2,1,,
2019-02-01T22:32:09Z,Sensor 2,2,,
2019-02-01T22:42:16Z,Sensor 2,1,,
2019-02-01T22:52:22Z,Sensor 2,1,,
2019-02-01T23:02:34Z,Sensor 2,1,,
2019-02-01T23:12:40Z,Sensor 2,1,,
2019-02-01T23:22:46Z,Sensor 2,1,,
2019-02-01T23:43:02Z,Sensor 2,0,,
2019-02-01T23:53:08Z,Sensor 2,1,,
2019-02-02T00:03:18Z,Sensor 2,0,,
2019-02-02T00:13:24Z,Sensor 2,0,,
2019-02-02T00:23:31Z,Sensor 2,0,,
2019-02-02T00:33:37Z,Sensor 2,0,,
2019-02-02T00:43:41Z,Sensor 2,0,,
2019-02-02T00:53:53Z,Sensor 2,1,,
2019-02-02T01:03:56Z,Sensor 2,1,,
2019-02-02T01:14:02Z,Sensor 2,1,,
2019-02-02T01:24:12Z,Sensor 2,0,,
2019-02-02T01:34:17Z,Sensor 2,0,,
2019-02-02T01:44:23Z,Sensor 2,0,,
2019-02-02T02:04:38Z,Sensor 2,0,,
2019-02-04T15:37:55Z,Sensor 2,0,,
2019-02-04T15:48:01Z,Sensor 2,1,,
2019-02-04T15:58:08Z,Sensor 2,1,,
2019-02-04T16:18:24Z,Sensor 2,1,,
2019-02-04T16:28:30Z,Sensor 2,1,,
2019-02-04T16:48:46Z,Sensor 2,3,,
2019-02-04T17:09:01Z,Sensor 2,0,,
2019-02-04T17:19:08Z,Sensor 2,3,,
2019-02-04T17:29:13Z,Sensor 2,2,,
2019-02-04T17:39:20Z,Sensor 2,4,,
2019-02-04T17:49:26Z,Sensor 2,2,,
2019-02-04T17:59:31Z,Sensor 2,3,,
2019-02-04T21:02:04Z,Sensor 2,2,,
2019-02-04T21:12:10Z,Sensor 2,1,,
2019-02-04T21:22:16Z,Sensor 2,2,,
2019-02-04T21:32:24Z,Sensor 2,2,,
2019-02-04T21:42:30Z,Sensor 2,2,,
2019-02-04T21:52:36Z,Sensor 2,3,,
2019-02-04T22:02:39Z,Sensor 2,7,,
2019-02-04T22:22:55Z,Sensor 2,3,,
2019-02-04T22:33:06Z,Sensor 2,1,,
2019-02-04T22:43:12Z,Sensor 2,1,,
2019-02-04T22:53:23Z,Sensor 2,0,,
2019-02-04T23:03:26Z,Sensor 2,4,,
2019-02-04T23:13:31Z,Sensor 2,3,,
2019-02-04T23:23:39Z,Sensor 2,1,,
2019-02-04T23:33:45Z,Sensor 2,2,,
2019-02-04T23:43:50Z,Sensor 2,1,,
2019-02-04T23:53:56Z,Sensor 2,1,,
2019-02-05T00:03:59Z,Sensor 2,2,,
2019-02-05T00:14:05Z,Sensor 2,0,,
2019-02-05T00:24:09Z,Sensor 2,0,,
